check_sum,compile_date,datadir_IMAGE_DIRECTORY_ENTRY_BASERELOC_size,datadir_IMAGE_DIRECTORY_ENTRY_EXPORT_size,datadir_IMAGE_DIRECTORY_ENTRY_IAT_size,datadir_IMAGE_DIRECTORY_ENTRY_IMPORT_size,datadir_IMAGE_DIRECTORY_ENTRY_RESOURCE_size,debug_size,export_size,generated_check_sum,iat_rva,label,major_version,minor_version,number_of_bound_import_symbols,number_of_bound_imports,number_of_export_symbols,number_of_import_symbols,number_of_imports,number_of_rva_and_sizes,number_of_sections,pe_char,pe_dll,pe_driver,pe_exe,pe_i386,pe_majorlink,pe_minorlink,pe_warnings,sec_entropy_qh0,sec_entropy_qh1,sec_entropy_qh2,sec_entropy__text2,sec_entropy_aitrfvl,sec_entropy_atsec0,sec_entropy_atsec1,sec_entropy_atsec2,sec_entropy_blenkxr,sec_entropy_brdata,sec_entropy_bss,sec_entropy_code,sec_entropy_crt,sec_entropy_data,sec_entropy_data3,sec_entropy_debug,sec_entropy_edata,sec_entropy_ex_cod,sec_entropy_hfacczp,sec_entropy_idata,sec_entropy_imrsiv,sec_entropy_init,sec_entropy_itext,sec_entropy_jimmp1,sec_entropy_jimmp2,sec_entropy_lsicbkg,sec_entropy_minatl,sec_entropy_mzphdwa,sec_entropy_packed,sec_entropy_page,sec_entropy_pagedata,sec_entropy_pdata,sec_entropy_pex,sec_entropy_ps4,sec_entropy_rdata,sec_entropy_reloc,sec_entropy_rlpack,sec_entropy_rsrc,sec_entropy_sdata,sec_entropy_tdata,sec_entropy_text,sec_entropy_tls,sec_entropy_upx0,sec_entropy_upx1,sec_entropy_upx2,sec_entropy_upx3,sec_raw_execsize,sec_rawptr_qh0,sec_rawptr_qh1,sec_rawptr_qh2,sec_rawptr__text2,sec_rawptr_aitrfvl,sec_rawptr_atsec0,sec_rawptr_atsec1,sec_rawptr_atsec2,sec_rawptr_blenkxr,sec_rawptr_brdata,sec_rawptr_bss,sec_rawptr_code,sec_rawptr_crt,sec_rawptr_data,sec_rawptr_data3,sec_rawptr_debug,sec_rawptr_edata,sec_rawptr_ex_cod,sec_rawptr_hfacczp,sec_rawptr_idata,sec_rawptr_imrsiv,sec_rawptr_init,sec_rawptr_itext,sec_rawptr_jimmp1,sec_rawptr_jimmp2,sec_rawptr_lsicbkg,sec_rawptr_minatl,sec_rawptr_mzphdwa,sec_rawptr_packed,sec_rawptr_page,sec_rawptr_pagedata,sec_rawptr_pdata,sec_rawptr_pex,sec_rawptr_ps4,sec_rawptr_rdata,sec_rawptr_reloc,sec_rawptr_rlpack,sec_rawptr_rsrc,sec_rawptr_sdata,sec_rawptr_tdata,sec_rawptr_text,sec_rawptr_tls,sec_rawptr_upx0,sec_rawptr_upx1,sec_rawptr_upx2,sec_rawptr_upx3,sec_rawsize_qh0,sec_rawsize_qh1,sec_rawsize_qh2,sec_rawsize__text2,sec_rawsize_aitrfvl,sec_rawsize_atsec0,sec_rawsize_atsec1,sec_rawsize_atsec2,sec_rawsize_blenkxr,sec_rawsize_brdata,sec_rawsize_bss,sec_rawsize_code,sec_rawsize_crt,sec_rawsize_data,sec_rawsize_data3,sec_rawsize_debug,sec_rawsize_edata,sec_rawsize_ex_cod,sec_rawsize_hfacczp,sec_rawsize_idata,sec_rawsize_imrsiv,sec_rawsize_init,sec_rawsize_itext,sec_rawsize_jimmp1,sec_rawsize_jimmp2,sec_rawsize_lsicbkg,sec_rawsize_minatl,sec_rawsize_mzphdwa,sec_rawsize_packed,sec_rawsize_page,sec_rawsize_pagedata,sec_rawsize_pdata,sec_rawsize_pex,sec_rawsize_ps4,sec_rawsize_rdata,sec_rawsize_reloc,sec_rawsize_rlpack,sec_rawsize_rsrc,sec_rawsize_sdata,sec_rawsize_tdata,sec_rawsize_text,sec_rawsize_tls,sec_rawsize_upx0,sec_rawsize_upx1,sec_rawsize_upx2,sec_rawsize_upx3,sec_va_execsize,sec_vasize_qh0,sec_vasize_qh1,sec_vasize_qh2,sec_vasize__text2,sec_vasize_aitrfvl,sec_vasize_atsec0,sec_vasize_atsec1,sec_vasize_atsec2,sec_vasize_blenkxr,sec_vasize_brdata,sec_vasize_bss,sec_vasize_code,sec_vasize_crt,sec_vasize_data,sec_vasize_data3,sec_vasize_debug,sec_vasize_edata,sec_vasize_ex_cod,sec_vasize_hfacczp,sec_vasize_idata,sec_vasize_imrsiv,sec_vasize_init,sec_vasize_itext,sec_vasize_jimmp1,sec_vasize_jimmp2,sec_vasize_lsicbkg,sec_vasize_minatl,sec_vasize_mzphdwa,sec_vasize_packed,sec_vasize_page,sec_vasize_pagedata,sec_vasize_pdata,sec_vasize_pex,sec_vasize_ps4,sec_vasize_rdata,sec_vasize_reloc,sec_vasize_rlpack,sec_vasize_rsrc,sec_vasize_sdata,sec_vasize_tdata,sec_vasize_text,sec_vasize_tls,sec_vasize_upx0,sec_vasize_upx1,sec_vasize_upx2,sec_vasize_upx3,size_code,size_image,size_initdata,size_uninit,std_section_names,total_size_pe,virtual_address,virtual_size,virtual_size_2
0,585810474,0,0,44,40,0,0,0,98624,17518,bad,0,0,0,0,0,10,1,16,4,271,0,0,1,1,6,0,1,0.0,0.0,0.0,0.0,0.0,0.0,0.0,0.0,0.0,7.99200482254,0.0,0.0,0.0,7.99625369797,0.0,0.0,0.0,0.0,0.0,0.0,0.0,0.0,0.0,0.0,0.0,0.0,0.0,0.0,0.0,0.0,0.0,0.0,0.0,0.0,0.0,0.0,0.0,0.0,0.0,0.0,6.45501798429,0.0,0.0,0.0,0.0,0.0,84480,0.0,0.0,0.0,0.0,0.0,0.0,0.0,0.0,0.0,57856.0,0.0,0.0,0.0,14848,0.0,0.0,0.0,0.0,0.0,0.0,0.0,0.0,0.0,0.0,0.0,0.0,0.0,0.0,0.0,0.0,0.0,0.0,0.0,0.0,0.0,0.0,0.0,0,0.0,0.0,1024,0.0,0.0,0.0,0.0,0.0,0.0,0.0,0.0,0.0,0.0,0.0,0.0,0.0,0.0,27648.0,0.0,0.0,0.0,43008,0.0,0.0,0.0,0.0,0.0,0.0,0.0,0.0,0.0,0.0,0.0,0.0,0.0,0.0,0.0,0.0,0.0,0.0,0.0,0.0,0.0,0.0,0.0,0,0.0,0.0,13824,0.0,0.0,0.0,0.0,0.0,170626,0.0,0.0,0.0,0.0,0.0,0.0,0.0,0.0,0.0,49152.0,0.0,0.0,0.0,42586,0.0,0.0,0.0,0.0,0.0,0.0,0.0,0.0,0.0,0.0,0.0,0.0,0.0,0.0,0.0,0.0,0.0,0.0,0.0,0.0,65536.0,0.0,0.0,0,0.0,0.0,13352,0.0,0.0,0.0,0.0,0.0,13824,180224,43008,65536,0,85504,4096,13352,65536
0,1218437803,0,0,468,100,1048,0,0,53913,9256,bad,0,0,0,0,0,113,4,16,4,271,0,0,1,1,6,0,0,0.0,0.0,0.0,0.0,0.0,0.0,0.0,0.0,0.0,0.0,0.0,0.0,0.0,0.442147583267,0.0,0.0,0.0,0.0,0.0,0.0,0.0,0.0,0.0,0.0,0.0,0.0,0.0,0.0,0.0,0.0,0.0,0.0,0.0,0.0,3.20648735647,0.0,0.0,1.02867676446,0.0,0.0,4.85296240301,0.0,0.0,0.0,0.0,0.0,16384,0.0,0.0,0.0,0.0,0.0,0.0,0.0,0.0,0.0,0.0,0.0,0.0,0.0,12288,0.0,0.0,0.0,0.0,0.0,0.0,0.0,0.0,0.0,0.0,0.0,0.0,0.0,0.0,0.0,0.0,0.0,0.0,0.0,0.0,8192.0,0.0,0.0,16384,0.0,0.0,4096,0.0,0.0,0.0,0.0,0.0,0.0,0.0,0.0,0.0,0.0,0.0,0.0,0.0,0.0,0.0,0.0,0.0,0.0,4096,0.0,0.0,0.0,0.0,0.0,0.0,0.0,0.0,0.0,0.0,0.0,0.0,0.0,0.0,0.0,0.0,0.0,0.0,0.0,0.0,4096.0,0.0,0.0,4096,0.0,0.0,4096,0.0,0.0,0.0,0.0,0.0,7044,0.0,0.0,0.0,0.0,0.0,0.0,0.0,0.0,0.0,0.0,0.0,0.0,0.0,468,0.0,0.0,0.0,0.0,0.0,0.0,0.0,0.0,0.0,0.0,0.0,0.0,0.0,0.0,0.0,0.0,0.0,0.0,0.0,0.0,2182.0,0.0,0.0,1048,0.0,0.0,3346,0.0,0.0,0.0,0.0,0.0,4096,20480,12288,0,1,20480,4096,3346,2182
98299,1297813288,0,0,372,40,1660,28,0,113512,35988,bad,1,0,0,1,0,92,1,16,3,271,0,0,1,1,6,0,0,0.0,0.0,0.0,0.0,0.0,0.0,0.0,0.0,0.0,0.0,0.0,0.0,0.0,0.0,0.0,0.0,0.0,0.0,0.0,0.0,0.0,0.0,0.0,0.0,0.0,0.0,0.0,0.0,0.0,0.0,0.0,0.0,0.0,0.0,0.0,0.0,0.0,1.44634766724,0.0,0.0,5.33402710837,0.0,0.0,0.0,0.0,0.0,45056,0.0,0.0,0.0,0.0,0.0,0.0,0.0,0.0,0.0,0.0,0.0,0.0,0.0,40960,0.0,0.0,0.0,0.0,0.0,0.0,0.0,0.0,0.0,0.0,0.0,0.0,0.0,0.0,0.0,0.0,0.0,0.0,0.0,0.0,0.0,0.0,0.0,45056,0.0,0.0,4096,0.0,0.0,0.0,0.0,0.0,0.0,0.0,0.0,0.0,0.0,0.0,0.0,0.0,0.0,0.0,0.0,0.0,0.0,4096,0.0,0.0,0.0,0.0,0.0,0.0,0.0,0.0,0.0,0.0,0.0,0.0,0.0,0.0,0.0,0.0,0.0,0.0,0.0,0.0,0.0,0.0,0.0,4096,0.0,0.0,36864,0.0,0.0,0.0,0.0,0.0,40320,0.0,0.0,0.0,0.0,0.0,0.0,0.0,0.0,0.0,0.0,0.0,0.0,0.0,5156,0.0,0.0,0.0,0.0,0.0,0.0,0.0,0.0,0.0,0.0,0.0,0.0,0.0,0.0,0.0,0.0,0.0,0.0,0.0,0.0,0.0,0.0,0.0,1660,0.0,0.0,33504,0.0,0.0,0.0,0.0,0.0,36864,53248,12288,0,1,64512,4096,33504,5156
104924,708992537,4612,0,0,2842,6144,0,0,104924,86016,bad,0,0,0,0,0,119,9,16,8,33166,0,0,1,1,2,25,1,0.0,0.0,0.0,0.0,0.0,0.0,0.0,0.0,0.0,0.0,0.0,6.28923378243,0.0,4.25417172196,0.0,0.0,0.0,0.0,0.0,4.58740785679,0.0,0.0,0.0,0.0,0.0,0.0,0.0,0.0,0.0,0.0,0.0,0.0,0.0,0.0,0.20448815744,6.50281436274,0.0,4.11689189943,0.0,0.0,0.0,0.0,0.0,0.0,0.0,0.0,80896,0.0,0.0,0.0,0.0,0.0,0.0,0.0,0.0,0.0,0.0,68608.0,1024.0,0.0,68096,0.0,0.0,0.0,0.0,0.0,68608.0,0.0,0.0,0.0,0.0,0.0,0.0,0.0,0.0,0.0,0.0,0.0,0.0,0.0,0.0,71680.0,72192.0,0.0,77312,0.0,0.0,0,71680.0,0.0,0.0,0.0,0.0,0.0,0.0,0.0,0.0,0.0,0.0,0.0,0.0,0.0,0.0,0.0,67072.0,0.0,512,0.0,0.0,0.0,0.0,0.0,3072.0,0.0,0.0,0.0,0.0,0.0,0.0,0.0,0.0,0.0,0.0,0.0,0.0,0.0,0.0,512.0,5120.0,0.0,4608,0.0,0.0,0,0.0,0.0,0.0,0.0,0.0,86595,0.0,0.0,0.0,0.0,0.0,0.0,0.0,0.0,0.0,0.0,7529.0,66596.0,0.0,456,0.0,0.0,0.0,0.0,0.0,2842.0,0.0,0.0,0.0,0.0,0.0,0.0,0.0,0.0,0.0,0.0,0.0,0.0,0.0,0.0,24.0,4612.0,0.0,4528,0.0,0.0,0,8.0,0.0,0.0,0.0,0.0,67072,114688,13824,0,0,81920,4096,66596,456
150326,1276781438,188,154,308,180,84152,0,154,150326,12600,bad,0,0,1,8,3,69,8,16,5,258,0,0,1,1,9,0,0,0.0,0.0,0.0,0.0,0.0,0.0,0.0,0.0,0.0,0.0,0.0,0.0,0.0,4.68356105221,0.0,0.0,0.0,0.0,0.0,0.0,0.0,0.0,0.0,0.0,0.0,0.0,0.0,0.0,0.0,0.0,0.0,0.0,0.0,0.0,4.91940858,2.87025658043,0.0,7.71115664763,0.0,0.0,6.46585073138,0.0,0.0,0.0,0.0,0.0,96256,0.0,0.0,0.0,0.0,0.0,0.0,0.0,0.0,0.0,0.0,0.0,0.0,0.0,10240,0.0,0.0,0.0,0.0,0.0,0.0,0.0,0.0,0.0,0.0,0.0,0.0,0.0,0.0,0.0,0.0,0.0,0.0,0.0,0.0,7680.0,96768.0,0.0,10752,0.0,0.0,1024,0.0,0.0,0.0,0.0,0.0,0.0,0.0,0.0,0.0,0.0,0.0,0.0,0.0,0.0,0.0,0.0,0.0,0.0,512,0.0,0.0,0.0,0.0,0.0,0.0,0.0,0.0,0.0,0.0,0.0,0.0,0.0,0.0,0.0,0.0,0.0,0.0,0.0,0.0,2560.0,512.0,0.0,86016,0.0,0.0,6656,0.0,0.0,0.0,0.0,0.0,95492,0.0,0.0,0.0,0.0,0.0,0.0,0.0,0.0,0.0,0.0,0.0,0.0,0.0,512,0.0,0.0,0.0,0.0,0.0,0.0,0.0,0.0,0.0,0.0,0.0,0.0,0.0,0.0,0.0,0.0,0.0,0.0,0.0,0.0,2074.0,358.0,0.0,86016,0.0,0.0,6532,0.0,0.0,0.0,0.0,0.0,6656,110592,89088,0,0,97280,4096,6532,2074
0,1378220696,0,0,464,120,0,0,0,100137,56848,bad,0,0,0,0,0,111,5,16,3,271,0,0,1,1,6,0,0,0.0,0.0,0.0,0.0,0.0,0.0,0.0,0.0,0.0,0.0,0.0,0.0,0.0,2.0360754786,0.0,0.0,0.0,0.0,0.0,0.0,0.0,0.0,0.0,0.0,0.0,0.0,0.0,0.0,0.0,0.0,0.0,0.0,0.0,0.0,4.48316987764,0.0,0.0,0.0,0.0,0.0,6.58733852406,0.0,0.0,0.0,0.0,0.0,65536,0.0,0.0,0.0,0.0,0.0,0.0,0.0,0.0,0.0,0.0,0.0,0.0,0.0,52736,0.0,0.0,0.0,0.0,0.0,0.0,0.0,0.0,0.0,0.0,0.0,0.0,0.0,0.0,0.0,0.0,0.0,0.0,0.0,0.0,46592.0,0.0,0.0,0,0.0,0.0,1024,0.0,0.0,0.0,0.0,0.0,0.0,0.0,0.0,0.0,0.0,0.0,0.0,0.0,0.0,0.0,0.0,0.0,0.0,13824,0.0,0.0,0.0,0.0,0.0,0.0,0.0,0.0,0.0,0.0,0.0,0.0,0.0,0.0,0.0,0.0,0.0,0.0,0.0,0.0,6144.0,0.0,0.0,0,0.0,0.0,45568,0.0,0.0,0.0,0.0,0.0,71168,0.0,0.0,0.0,0.0,0.0,0.0,0.0,0.0,0.0,0.0,0.0,0.0,0.0,19644,0.0,0.0,0.0,0.0,0.0,0.0,0.0,0.0,0.0,0.0,0.0,0.0,0.0,0.0,0.0,0.0,0.0,0.0,0.0,0.0,5962.0,0.0,0.0,0,0.0,0.0,45562,0.0,0.0,0.0,0.0,0.0,45568,81920,26112,0,1,66560,4096,45562,5962
84663,1094353745,0,0,0,1280,8360,0,0,48166,24576,bad,0,0,0,0,0,39,6,16,6,267,0,0,1,1,10,0,1,0.0,0.0,0.0,0.0,0.0,0.0,0.0,0.0,0.0,0.0,0.0,1.13509027618,0.0,2.09471523455,5.49554329773,0.0,0.0,0.0,0.0,3.76465561771,0.0,0.0,0.0,0.0,0.0,0.0,0.0,0.0,0.0,0.0,0.0,0.0,0.0,0.0,0.0,0.0,0.0,5.2860433413,0.0,0.0,5.52787934814,0.0,0.0,0.0,0.0,0.0,19456,0.0,0.0,0.0,0.0,0.0,0.0,0.0,0.0,0.0,0.0,0.0,2560.0,0.0,3072,3584.0,0.0,0.0,0.0,0.0,10240.0,0.0,0.0,0.0,0.0,0.0,0.0,0.0,0.0,0.0,0.0,0.0,0.0,0.0,0.0,0.0,0.0,0.0,11776,0.0,0.0,1024,0.0,0.0,0.0,0.0,0.0,0.0,0.0,0.0,0.0,0.0,0.0,0.0,0.0,0.0,0.0,0.0,512.0,0.0,512,6656.0,0.0,0.0,0.0,0.0,1536.0,0.0,0.0,0.0,0.0,0.0,0.0,0.0,0.0,0.0,0.0,0.0,0.0,0.0,0.0,0.0,0.0,0.0,8704,0.0,0.0,1536,0.0,0.0,0.0,0.0,0.0,17455,0.0,0.0,0.0,0.0,0.0,0.0,0.0,0.0,0.0,0.0,0.0,91.0,0.0,217,6264.0,0.0,0.0,0.0,0.0,1280.0,0.0,0.0,0.0,0.0,0.0,0.0,0.0,0.0,0.0,0.0,0.0,0.0,0.0,0.0,0.0,0.0,0.0,8360,0.0,0.0,1243,0.0,0.0,0.0,0.0,0.0,2048,40960,17408,0,0,22510,4096,1243,91
0,1377863401,0,0,748,160,168,0,0,74165,26624,bad,0,0,0,0,0,180,7,16,4,271,0,0,1,1,6,0,1,0.0,0.0,0.0,0.0,0.0,0.0,0.0,0.0,0.0,0.0,0.0,0.0,0.0,4.30325205728,0.0,0.0,0.0,0.0,0.0,0.0,0.0,0.0,0.0,0.0,0.0,0.0,0.0,0.0,0.0,0.0,0.0,0.0,0.0,0.0,4.81127419408,0.0,0.0,0.806337766066,0.0,0.0,6.1514093621,0.0,0.0,0.0,0.0,0.0,28160,0.0,0.0,0.0,0.0,0.0,0.0,0.0,0.0,0.0,0.0,0.0,0.0,0.0,24576,0.0,0.0,0.0,0.0,0.0,0.0,0.0,0.0,0.0,0.0,0.0,0.0,0.0,0.0,0.0,0.0,0.0,0.0,0.0,0.0,19968.0,0.0,0.0,28672,0.0,0.0,1024,0.0,0.0,0.0,0.0,0.0,0.0,0.0,0.0,0.0,0.0,0.0,0.0,0.0,0.0,0.0,0.0,0.0,0.0,4096,0.0,0.0,0.0,0.0,0.0,0.0,0.0,0.0,0.0,0.0,0.0,0.0,0.0,0.0,0.0,0.0,0.0,0.0,0.0,0.0,4608.0,0.0,0.0,512,0.0,0.0,18944,0.0,0.0,0.0,0.0,0.0,28560,0.0,0.0,0.0,0.0,0.0,0.0,0.0,0.0,0.0,0.0,0.0,0.0,0.0,5164,0.0,0.0,0.0,0.0,0.0,0.0,0.0,0.0,0.0,0.0,0.0,0.0,0.0,0.0,0.0,0.0,0.0,0.0,0.0,0.0,4322.0,0.0,0.0,168,0.0,0.0,18906,0.0,0.0,0.0,0.0,0.0,18944,45056,10752,0,1,29184,4096,18906,4322
0,967728842,0,0,560,180,30208,28,0,112179,38616,bad,5,1,1,8,0,132,8,16,4,271,0,0,1,1,7,10,1,0.0,0.0,0.0,0.0,0.0,0.0,0.0,0.0,0.0,0.0,0.0,0.0,0.0,4.07341443046,0.0,0.0,0.0,0.0,0.0,0.0,0.0,0.0,0.0,0.0,0.0,0.0,0.0,0.0,0.0,0.0,0.0,0.0,0.0,0.0,0.0,0.0,0.0,7.83329623758,0.0,0.0,5.89064694052,0.0,0.0,0.0,0.0,0.0,71680,0.0,0.0,0.0,0.0,0.0,0.0,0.0,0.0,72704.0,0.0,0.0,0.0,0.0,38912,0.0,0.0,0.0,0.0,0.0,0.0,0.0,0.0,0.0,0.0,0.0,0.0,0.0,0.0,0.0,0.0,0.0,0.0,0.0,0.0,0.0,0.0,0.0,43520,0.0,0.0,1024,0.0,0.0,0.0,0.0,0.0,0.0,0.0,0.0,0.0,0.0,0.0,0.0,0.0,0.0,0.0,0.0,0.0,0.0,4608,0.0,0.0,0.0,0.0,0.0,0.0,0.0,0.0,0.0,0.0,0.0,0.0,0.0,0.0,0.0,0.0,0.0,0.0,0.0,0.0,0.0,0.0,0.0,29184,0.0,0.0,37888,0.0,0.0,0.0,0.0,0.0,90594,0.0,0.0,0.0,0.0,0.0,0.0,0.0,0.0,4096.0,0.0,0.0,0.0,0.0,18780,0.0,0.0,0.0,0.0,0.0,0.0,0.0,0.0,0.0,0.0,0.0,0.0,0.0,0.0,0.0,0.0,0.0,0.0,0.0,0.0,0.0,0.0,0.0,30208,0.0,0.0,37510,0.0,0.0,0.0,0.0,0.0,37888,102400,20480,0,0,72704,4096,37510,18780
0,1259933759,0,0,228,100,32768,0,0,68538,12532,bad,0,0,0,0,0,53,4,16,4,271,0,0,1,1,6,0,1,0.0,0.0,0.0,0.0,0.0,0.0,0.0,0.0,0.0,0.0,0.0,0.0,0.0,1.0967032337,0.0,0.0,0.0,0.0,0.0,0.0,0.0,0.0,0.0,0.0,0.0,0.0,0.0,0.0,0.0,0.0,0.0,0.0,0.0,0.0,2.29678052769,0.0,0.0,7.38364379382,0.0,0.0,5.481657654,0.0,0.0,0.0,0.0,0.0,49152,0.0,0.0,0.0,0.0,0.0,0.0,0.0,0.0,0.0,0.0,0.0,0.0,0.0,16384,0.0,0.0,0.0,0.0,0.0,0.0,0.0,0.0,0.0,0.0,0.0,0.0,0.0,0.0,0.0,0.0,0.0,0.0,0.0,0.0,12288.0,0.0,0.0,20480,0.0,0.0,4096,0.0,0.0,0.0,0.0,0.0,0.0,0.0,0.0,0.0,0.0,0.0,0.0,0.0,0.0,0.0,0.0,0.0,0.0,4096,0.0,0.0,0.0,0.0,0.0,0.0,0.0,0.0,0.0,0.0,0.0,0.0,0.0,0.0,0.0,0.0,0.0,0.0,0.0,0.0,4096.0,0.0,0.0,32768,0.0,0.0,8192,0.0,0.0,0.0,0.0,0.0,43026,0.0,0.0,0.0,0.0,0.0,0.0,0.0,0.0,0.0,0.0,0.0,0.0,0.0,600,0.0,0.0,0.0,0.0,0.0,0.0,0.0,0.0,0.0,0.0,0.0,0.0,0.0,0.0,0.0,0.0,0.0,0.0,0.0,0.0,1466.0,0.0,0.0,32768,0.0,0.0,8192,0.0,0.0,0.0,0.0,0.0,8192,53248,12288,0,1,53248,4096,8192,1466
0,1172916111,0,0,232,160,39936,28,0,106147,10188,bad,5,1,2,7,0,51,7,16,4,271,0,0,1,1,7,0,1,0.0,0.0,0.0,0.0,0.0,0.0,0.0,0.0,0.0,0.0,0.0,0.0,0.0,0.0572566022412,0.0,0.0,0.0,0.0,0.0,0.0,0.0,0.0,0.0,0.0,0.0,0.0,0.0,0.0,0.0,0.0,0.0,0.0,0.0,0.0,0.0,0.0,0.0,7.1575628625,0.0,0.0,6.28080455351,0.0,0.0,0.0,0.0,0.0,47104,0.0,0.0,0.0,0.0,48128.0,0.0,0.0,0.0,0.0,0.0,0.0,0.0,0.0,8704,0.0,0.0,0.0,0.0,0.0,0.0,0.0,0.0,0.0,0.0,0.0,0.0,0.0,0.0,0.0,0.0,0.0,0.0,0.0,0.0,0.0,0.0,0.0,9216,0.0,0.0,1024,0.0,0.0,0.0,0.0,0.0,0.0,0.0,0.0,0.0,0.0,0.0,0.0,0.0,0.0,0.0,0.0,0.0,0.0,512,0.0,0.0,0.0,0.0,0.0,0.0,0.0,0.0,0.0,0.0,0.0,0.0,0.0,0.0,0.0,0.0,0.0,0.0,0.0,0.0,0.0,0.0,0.0,38912,0.0,0.0,7680,0.0,0.0,0.0,0.0,0.0,95230,0.0,0.0,0.0,0.0,4096.0,0.0,0.0,0.0,0.0,0.0,0.0,0.0,0.0,43800,0.0,0.0,0.0,0.0,0.0,0.0,0.0,0.0,0.0,0.0,0.0,0.0,0.0,0.0,0.0,0.0,0.0,0.0,0.0,0.0,0.0,0.0,0.0,39936,0.0,0.0,7398,0.0,0.0,0.0,0.0,0.0,7680,102400,55296,0,0,48128,4096,7398,43800
132516,1233122813,16,0,0,188,16384,0,0,91965,155648,bad,0,0,0,0,0,30,2,16,5,270,0,0,1,1,2,25,0,0.0,0.0,0.0,0.0,0.0,4.68559725939,0.0,7.99620680748,0.0,0.0,0.0,0.0,0.0,0.0,0.0,0.0,0.0,0.0,0.0,2.83419166856,0.0,0.0,0.0,0.0,0.0,0.0,0.0,0.0,0.0,0.0,0.0,0.0,0.0,0.0,0.0,0.0,0.0,5.0137015056,0.0,0.0,0.0,0.0,0.0,0.0,0.0,0.0,69632,0.0,0.0,0.0,0.0,0.0,1024.0,5632.0,5632.0,0.0,0.0,0.0,0.0,0.0,0,0.0,0.0,0.0,0.0,0.0,52224.0,0.0,0.0,0.0,0.0,0.0,0.0,0.0,0.0,0.0,0.0,0.0,0.0,0.0,0.0,0.0,0.0,0.0,54272,0.0,0.0,0,0.0,0.0,0.0,0.0,0.0,0.0,0.0,0.0,0.0,0.0,4608.0,0.0,46592.0,0.0,0.0,0.0,0.0,0.0,0,0.0,0.0,0.0,0.0,0.0,2048.0,0.0,0.0,0.0,0.0,0.0,0.0,0.0,0.0,0.0,0.0,0.0,0.0,0.0,0.0,0.0,0.0,0.0,16384,0.0,0.0,0,0.0,0.0,0.0,0.0,0.0,167420,0.0,0.0,0.0,0.0,0.0,4608.0,90112.0,53248.0,0.0,0.0,0.0,0.0,0.0,0,0.0,0.0,0.0,0.0,0.0,3068.0,0.0,0.0,0.0,0.0,0.0,0.0,0.0,0.0,0.0,0.0,0.0,0.0,0.0,0.0,0.0,0.0,0.0,16384,0.0,0.0,0,0.0,0.0,0.0,0.0,0.0,43520,176128,32256,0,0,70661,4096,4608,90112
0,708992537,3300,0,0,6234,2560,0,0,72849,45056,bad,0,0,0,0,0,143,18,16,6,33166,0,0,1,1,2,25,1,0.0,0.0,0.0,0.0,0.0,0.0,0.0,0.0,0.0,0.0,0.0,6.13705768283,0.0,3.15998449793,0.0,0.0,0.0,0.0,0.0,4.82441551958,0.0,0.0,0.0,0.0,0.0,0.0,0.0,0.0,0.0,0.0,0.0,0.0,0.0,0.0,0.0,6.47620270302,0.0,3.79184139062,0.0,0.0,0.0,0.0,0.0,0.0,0.0,0.0,46592,0.0,0.0,0.0,0.0,0.0,0.0,0.0,0.0,0.0,0.0,34816.0,1024.0,0.0,33280,0.0,0.0,0.0,0.0,0.0,34816.0,0.0,0.0,0.0,0.0,0.0,0.0,0.0,0.0,0.0,0.0,0.0,0.0,0.0,0.0,0.0,41472.0,0.0,45056,0.0,0.0,0,0.0,0.0,0.0,0.0,0.0,0.0,0.0,0.0,0.0,0.0,0.0,0.0,0.0,0.0,0.0,0.0,32256.0,0.0,1536,0.0,0.0,0.0,0.0,0.0,6656.0,0.0,0.0,0.0,0.0,0.0,0.0,0.0,0.0,0.0,0.0,0.0,0.0,0.0,0.0,0.0,3584.0,0.0,2560,0.0,0.0,0,0.0,0.0,0.0,0.0,0.0,46239,0.0,0.0,0.0,0.0,0.0,0.0,0.0,0.0,0.0,0.0,1265.0,31824.0,0.0,1056,0.0,0.0,0.0,0.0,0.0,6234.0,0.0,0.0,0.0,0.0,0.0,0.0,0.0,0.0,0.0,0.0,0.0,0.0,0.0,0.0,0.0,3300.0,0.0,2560,0.0,0.0,0,0.0,0.0,0.0,0.0,0.0,32256,61440,14336,0,0,47616,4096,31824,1056
0,1013346937,0,0,16,60,0,0,0,59131,4192,bad,0,0,0,0,0,2,2,16,1,271,0,0,1,1,6,0,1,0.0,0.0,0.0,0.0,0.0,0.0,0.0,0.0,0.0,0.0,0.0,0.0,0.0,0.0,0.0,0.0,0.0,0.0,0.0,0.0,0.0,0.0,0.0,0.0,0.0,0.0,0.0,0.0,0.0,0.0,0.0,0.0,0.0,0.0,0.0,0.0,0.0,0.0,0.0,0.0,1.86460868253,0.0,0.0,0.0,0.0,0.0,512,0.0,0.0,0.0,0.0,0.0,0.0,0.0,0.0,0.0,0.0,0.0,0.0,0.0,0,0.0,0.0,0.0,0.0,0.0,0.0,0.0,0.0,0.0,0.0,0.0,0.0,0.0,0.0,0.0,0.0,0.0,0.0,0.0,0.0,0.0,0.0,0.0,0,0.0,0.0,512,0.0,0.0,0.0,0.0,0.0,0.0,0.0,0.0,0.0,0.0,0.0,0.0,0.0,0.0,0.0,0.0,0.0,0.0,0,0.0,0.0,0.0,0.0,0.0,0.0,0.0,0.0,0.0,0.0,0.0,0.0,0.0,0.0,0.0,0.0,0.0,0.0,0.0,0.0,0.0,0.0,0.0,0,0.0,0.0,512,0.0,0.0,0.0,0.0,0.0,81920,0.0,0.0,0.0,0.0,0.0,0.0,0.0,0.0,0.0,0.0,0.0,0.0,0.0,0,0.0,0.0,0.0,0.0,0.0,0.0,0.0,0.0,0.0,0.0,0.0,0.0,0.0,0.0,0.0,0.0,0.0,0.0,0.0,0.0,0.0,0.0,0.0,0,0.0,0.0,81920,0.0,0.0,0.0,0.0,0.0,512,86016,0,0,1,25316,4096,81920,0
0,2099200,0,0,48,40,0,0,0,127182,17387,bad,0,0,0,0,0,11,1,16,3,271,0,0,1,1,5,12,1,0.0,0.0,0.0,0.0,0.0,0.0,0.0,0.0,0.0,0.0,0.0,0.0,0.0,7.99489912667,0.0,0.0,0.0,0.0,0.0,0.0,0.0,0.0,0.0,0.0,0.0,0.0,0.0,0.0,0.0,0.0,0.0,0.0,0.0,0.0,0.0,0.0,0.0,0.0,0.0,0.0,6.83811070486,0.0,0.0,0.0,0.0,0.0,56832,0.0,0.0,0.0,0.0,0.0,0.0,0.0,0.0,0.0,0.0,0.0,0.0,0.0,14848,0.0,0.0,0.0,0.0,0.0,0.0,0.0,0.0,0.0,0.0,0.0,0.0,0.0,0.0,0.0,0.0,0.0,0.0,0.0,0.0,0.0,0.0,0.0,0,0.0,0.0,1024,0.0,0.0,0.0,0.0,0.0,0.0,0.0,0.0,0.0,0.0,0.0,0.0,0.0,0.0,0.0,0.0,0.0,0.0,43008,0.0,0.0,0.0,0.0,0.0,0.0,0.0,0.0,0.0,0.0,0.0,0.0,0.0,0.0,0.0,0.0,0.0,0.0,0.0,0.0,0.0,0.0,0.0,0,0.0,0.0,13824,0.0,0.0,0.0,0.0,0.0,121880,0.0,0.0,0.0,0.0,0.0,0.0,0.0,0.0,0.0,0.0,0.0,0.0,0.0,42992,0.0,0.0,0.0,0.0,0.0,0.0,0.0,0.0,0.0,0.0,0.0,0.0,0.0,0.0,0.0,0.0,0.0,0.0,0.0,0.0,65536.0,0.0,0.0,0,0.0,0.0,13352,0.0,0.0,0.0,0.0,0.0,13824,131072,43008,65536,0,67584,4096,13352,65536
0,1294672478,0,0,0,360,5320,0,0,94548,120008,bad,0,0,0,0,0,10,5,16,3,259,0,0,1,1,6,0,1,0.0,0.0,0.0,0.0,0.0,0.0,0.0,0.0,0.0,0.0,0.0,0.0,0.0,0.0,0.0,0.0,0.0,0.0,0.0,0.0,0.0,0.0,0.0,0.0,0.0,0.0,0.0,0.0,0.0,0.0,0.0,0.0,0.0,0.0,0.0,0.0,0.0,4.50585669073,0.0,0.0,0.0,0.0,0.0,7.75345697777,0.0,0.0,80384,0.0,0.0,0.0,0.0,0.0,0.0,0.0,0.0,0.0,0.0,0.0,0.0,0.0,0,0.0,0.0,0.0,0.0,0.0,0.0,0.0,0.0,0.0,0.0,0.0,0.0,0.0,0.0,0.0,0.0,0.0,0.0,0.0,0.0,0.0,0.0,0.0,75264,0.0,0.0,0,0.0,1024.0,1024.0,0.0,0.0,0.0,0.0,0.0,0.0,0.0,0.0,0.0,0.0,0.0,0.0,0.0,0.0,0.0,0,0.0,0.0,0.0,0.0,0.0,0.0,0.0,0.0,0.0,0.0,0.0,0.0,0.0,0.0,0.0,0.0,0.0,0.0,0.0,0.0,0.0,0.0,0.0,6144,0.0,0.0,0,0.0,0.0,74240.0,0.0,0.0,118784,0.0,0.0,0.0,0.0,0.0,0.0,0.0,0.0,0.0,0.0,0.0,0.0,0.0,0,0.0,0.0,0.0,0.0,0.0,0.0,0.0,0.0,0.0,0.0,0.0,0.0,0.0,0.0,0.0,0.0,0.0,0.0,0.0,0.0,0.0,0.0,0.0,8192,0.0,0.0,0,0.0,32768.0,77824.0,0.0,0.0,77824,122880,8192,32768,0,81408,4096,32768,77824
0,1173027795,1204,192,152,120,912,28,192,122536,18944,bad,0,0,0,0,4,33,5,16,7,258,0,0,1,1,10,0,1,0.0,0.0,0.0,0.0,0.0,0.0,0.0,0.0,0.0,0.0,0.0,6.74388732204,0.0,7.7073859659,0.0,0.0,5.28991376084,0.0,0.0,0.0,0.0,0.0,0.0,0.0,0.0,0.0,0.0,0.0,0.0,0.0,0.0,0.0,0.0,0.0,7.56479294223,0.0,0.0,2.66743075186,0.0,0.0,1.09017471514,0.0,0.0,0.0,0.0,0.0,58368,0.0,0.0,0.0,0.0,0.0,0.0,0.0,0.0,0.0,0.0,0.0,1536.0,0.0,24576,0.0,0.0,56320.0,0.0,0.0,0.0,0.0,0.0,0.0,0.0,0.0,0.0,0.0,0.0,0.0,0.0,0.0,0.0,0.0,0.0,52224.0,57856.0,0.0,56832,0.0,0.0,1024,0.0,0.0,0.0,0.0,0.0,0.0,0.0,0.0,0.0,0.0,0.0,0.0,0.0,0.0,0.0,0.0,23040.0,0.0,27648,0.0,0.0,512.0,0.0,0.0,0.0,0.0,0.0,0.0,0.0,0.0,0.0,0.0,0.0,0.0,0.0,0.0,0.0,0.0,0.0,4096.0,1536.0,0.0,1024,0.0,0.0,512,0.0,0.0,0.0,0.0,0.0,199683,0.0,0.0,0.0,0.0,0.0,0.0,0.0,0.0,0.0,0.0,0.0,22975.0,0.0,166712,0.0,0.0,448.0,0.0,0.0,0.0,0.0,0.0,0.0,0.0,0.0,0.0,0.0,0.0,0.0,0.0,0.0,0.0,0.0,0.0,4096.0,1204.0,0.0,4096,0.0,0.0,152,0.0,0.0,0.0,0.0,0.0,11353,217088,35328,0,0,57188,4096,152,22975
0,1013346937,0,0,16,60,0,0,0,82990,4192,bad,0,0,0,0,0,2,2,16,1,271,0,0,1,1,6,0,1,0.0,0.0,0.0,0.0,0.0,0.0,0.0,0.0,0.0,0.0,0.0,0.0,0.0,0.0,0.0,0.0,0.0,0.0,0.0,0.0,0.0,0.0,0.0,0.0,0.0,0.0,0.0,0.0,0.0,0.0,0.0,0.0,0.0,0.0,0.0,0.0,0.0,0.0,0.0,0.0,4.03791374835,0.0,0.0,0.0,0.0,0.0,704,0.0,0.0,0.0,0.0,0.0,0.0,0.0,0.0,0.0,0.0,0.0,0.0,0.0,0,0.0,0.0,0.0,0.0,0.0,0.0,0.0,0.0,0.0,0.0,0.0,0.0,0.0,0.0,0.0,0.0,0.0,0.0,0.0,0.0,0.0,0.0,0.0,0,0.0,0.0,512,0.0,0.0,0.0,0.0,0.0,0.0,0.0,0.0,0.0,0.0,0.0,0.0,0.0,0.0,0.0,0.0,0.0,0.0,0,0.0,0.0,0.0,0.0,0.0,0.0,0.0,0.0,0.0,0.0,0.0,0.0,0.0,0.0,0.0,0.0,0.0,0.0,0.0,0.0,0.0,0.0,0.0,0,0.0,0.0,704,0.0,0.0,0.0,0.0,0.0,77824,0.0,0.0,0.0,0.0,0.0,0.0,0.0,0.0,0.0,0.0,0.0,0.0,0.0,0,0.0,0.0,0.0,0.0,0.0,0.0,0.0,0.0,0.0,0.0,0.0,0.0,0.0,0.0,0.0,0.0,0.0,0.0,0.0,0.0,0.0,0.0,0.0,0,0.0,0.0,77824,0.0,0.0,0.0,0.0,0.0,512,81920,0,0,1,29412,4096,77824,0
0,1017298432,0,0,232,100,2236,0,0,127202,5496,bad,5,1,0,0,0,54,4,16,4,271,0,0,1,1,7,4,1,0.0,0.0,0.0,0.0,0.0,0.0,0.0,0.0,0.0,0.0,0.0,0.0,0.0,3.55590193076,0.0,5.49543213479,0.0,0.0,0.0,0.0,0.0,0.0,0.0,0.0,0.0,0.0,0.0,0.0,0.0,0.0,0.0,0.0,0.0,0.0,0.0,0.0,0.0,4.09337362555,0.0,0.0,5.37135730462,0.0,0.0,0.0,0.0,0.0,93696,0.0,0.0,0.0,0.0,0.0,0.0,0.0,0.0,0.0,0.0,0.0,0.0,0.0,9216,0.0,16896.0,0.0,0.0,0.0,0.0,0.0,0.0,0.0,0.0,0.0,0.0,0.0,0.0,0.0,0.0,0.0,0.0,0.0,0.0,0.0,0.0,0.0,14336,0.0,0.0,1024,0.0,0.0,0.0,0.0,0.0,0.0,0.0,0.0,0.0,0.0,0.0,0.0,0.0,0.0,0.0,0.0,0.0,0.0,5120,0.0,77824.0,0.0,0.0,0.0,0.0,0.0,0.0,0.0,0.0,0.0,0.0,0.0,0.0,0.0,0.0,0.0,0.0,0.0,0.0,0.0,0.0,0.0,2560,0.0,0.0,8192,0.0,0.0,0.0,0.0,0.0,202813,0.0,0.0,0.0,0.0,0.0,0.0,0.0,0.0,0.0,0.0,0.0,0.0,0.0,40833,0.0,151552.0,0.0,0.0,0.0,0.0,0.0,0.0,0.0,0.0,0.0,0.0,0.0,0.0,0.0,0.0,0.0,0.0,0.0,0.0,0.0,0.0,0.0,2236,0.0,0.0,8192,0.0,0.0,0.0,0.0,0.0,8192,208896,114688,1536,1,95149,4096,8192,40833
0,2099200,0,0,44,40,0,0,0,101850,17512,bad,0,0,0,0,0,10,1,16,3,271,0,0,1,1,5,12,1,0.0,0.0,0.0,0.0,0.0,0.0,0.0,0.0,0.0,0.0,0.0,0.0,0.0,7.99552056623,0.0,0.0,0.0,0.0,0.0,0.0,0.0,0.0,0.0,0.0,0.0,0.0,0.0,0.0,0.0,0.0,0.0,0.0,0.0,0.0,0.0,0.0,0.0,0.0,0.0,0.0,6.83385823354,0.0,0.0,0.0,0.0,0.0,56832,0.0,0.0,0.0,0.0,0.0,0.0,0.0,0.0,0.0,0.0,0.0,0.0,0.0,14848,0.0,0.0,0.0,0.0,0.0,0.0,0.0,0.0,0.0,0.0,0.0,0.0,0.0,0.0,0.0,0.0,0.0,0.0,0.0,0.0,0.0,0.0,0.0,0,0.0,0.0,1024,0.0,0.0,0.0,0.0,0.0,0.0,0.0,0.0,0.0,0.0,0.0,0.0,0.0,0.0,0.0,0.0,0.0,0.0,43008,0.0,0.0,0.0,0.0,0.0,0.0,0.0,0.0,0.0,0.0,0.0,0.0,0.0,0.0,0.0,0.0,0.0,0.0,0.0,0.0,0.0,0.0,0.0,0,0.0,0.0,13824,0.0,0.0,0.0,0.0,0.0,121880,0.0,0.0,0.0,0.0,0.0,0.0,0.0,0.0,0.0,0.0,0.0,0.0,0.0,42992,0.0,0.0,0.0,0.0,0.0,0.0,0.0,0.0,0.0,0.0,0.0,0.0,0.0,0.0,0.0,0.0,0.0,0.0,0.0,0.0,65536.0,0.0,0.0,0,0.0,0.0,13352,0.0,0.0,0.0,0.0,0.0,13824,131072,43008,65536,0,57856,4096,13352,65536
73717,1301029282,1644,313,16,316,1290,0,313,73717,40960,bad,0,0,0,0,4,2,2,16,5,258,0,0,1,1,10,0,0,0.0,0.0,0.0,0.0,0.0,0.0,0.0,0.0,0.0,0.0,0.0,0.0,0.0,6.63100564139,0.0,0.0,0.0,0.0,0.0,0.0,0.0,0.0,3.7542873136,0.0,0.0,0.0,0.0,0.0,0.0,0.0,0.0,0.0,0.0,0.0,0.0,5.98638155756,0.0,0.0,0.0,0.0,0.0,0.0,0.0,0.0,0.0,0.0,48640,0.0,0.0,0.0,0.0,0.0,0.0,0.0,0.0,0.0,0.0,0.0,0.0,0.0,32256,0.0,0.0,0.0,0.0,0.0,0.0,0.0,0.0,47104.0,0.0,0.0,0.0,0.0,0.0,0.0,0.0,0.0,0.0,0.0,0.0,0.0,47616.0,0.0,0,0.0,0.0,0,0.0,0.0,0.0,0.0,0.0,0.0,0.0,0.0,0.0,0.0,0.0,0.0,0.0,0.0,0.0,0.0,0.0,0.0,14848,0.0,0.0,0.0,0.0,0.0,0.0,0.0,0.0,512.0,0.0,0.0,0.0,0.0,0.0,0.0,0.0,0.0,0.0,0.0,0.0,0.0,2048.0,0.0,0,0.0,0.0,0,0.0,0.0,0.0,0.0,0.0,64570,0.0,0.0,0.0,0.0,0.0,0.0,0.0,0.0,0.0,0.0,0.0,0.0,0.0,31828,0.0,0.0,0.0,0.0,0.0,0.0,0.0,0.0,329.0,0.0,0.0,0.0,0.0,0.0,0.0,0.0,0.0,0.0,0.0,0.0,0.0,1676.0,0.0,0,0.0,0.0,0,0.0,0.0,0.0,0.0,0.0,31232,81920,17408,0,0,49664,4096,13743,16994
107380,953762819,4032,0,516,40,1512,0,0,63037,53248,bad,1,0,0,1,0,128,1,16,5,270,0,0,1,1,4,20,0,0.0,0.0,0.0,0.0,0.0,0.0,0.0,0.0,0.0,0.0,0.0,0.0,0.0,0.0,0.0,0.0,0.0,0.0,0.0,5.00612013468,0.0,0.0,0.0,0.0,0.0,0.0,0.0,0.0,0.0,0.0,0.0,0.0,0.0,0.0,0.0,2.72949246269,0.0,3.30528028669,0.0,0.0,5.3378966962,0.0,0.0,0.0,0.0,0.0,59392,0.0,0.0,0.0,0.0,0.0,0.0,0.0,0.0,0.0,0.0,0.0,0.0,0.0,41472,0.0,0.0,0.0,0.0,0.0,41984.0,0.0,0.0,0.0,0.0,0.0,0.0,0.0,0.0,0.0,0.0,0.0,0.0,0.0,0.0,0.0,46592.0,0.0,45056,0.0,0.0,1024,0.0,0.0,0.0,0.0,0.0,0.0,0.0,0.0,0.0,0.0,0.0,0.0,0.0,0.0,0.0,0.0,0.0,0.0,512,0.0,0.0,0.0,0.0,0.0,3072.0,0.0,0.0,0.0,0.0,0.0,0.0,0.0,0.0,0.0,0.0,0.0,0.0,0.0,0.0,0.0,13824.0,0.0,1536,0.0,0.0,40448,0.0,0.0,0.0,0.0,0.0,65520,0.0,0.0,0.0,0.0,0.0,0.0,0.0,0.0,0.0,0.0,0.0,0.0,0.0,7904,0.0,0.0,0.0,0.0,0.0,2668.0,0.0,0.0,0.0,0.0,0.0,0.0,0.0,0.0,0.0,0.0,0.0,0.0,0.0,0.0,0.0,13496.0,0.0,1512,0.0,0.0,39940,0.0,0.0,0.0,0.0,0.0,40448,77824,26624,0,1,60416,4096,39940,7904
136137,1342257753,0,0,316,120,3024,0,0,164776,91300,bad,0,0,0,0,0,74,5,16,6,271,0,0,1,1,6,0,0,0.0,0.0,0.0,0.0,0.0,0.0,0.0,0.0,0.0,0.0,0.0,0.0,0.0,3.95629085902,0.0,0.0,0.0,0.0,0.0,0.0,0.0,0.0,0.0,1.01936033312,1.09299010121,0.0,0.0,0.0,0.0,0.0,0.0,0.0,0.0,0.0,4.35842547549,0.0,0.0,2.97127065001,0.0,0.0,7.77564436141,0.0,0.0,0.0,0.0,0.0,98304,0.0,0.0,0.0,0.0,0.0,0.0,0.0,0.0,0.0,0.0,0.0,0.0,0.0,94208,0.0,0.0,0.0,0.0,0.0,0.0,0.0,0.0,0.0,4096.0,8192.0,0.0,0.0,0.0,0.0,0.0,0.0,0.0,0.0,0.0,90112.0,0.0,0.0,98304,0.0,0.0,12288,0.0,0.0,0.0,0.0,0.0,0.0,0.0,0.0,0.0,0.0,0.0,0.0,0.0,0.0,0.0,0.0,0.0,0.0,4096,0.0,0.0,0.0,0.0,0.0,0.0,0.0,0.0,0.0,4096.0,4096.0,0.0,0.0,0.0,0.0,0.0,0.0,0.0,0.0,0.0,4096.0,0.0,0.0,4096,0.0,0.0,77824,0.0,0.0,0.0,0.0,0.0,88687,0.0,0.0,0.0,0.0,0.0,0.0,0.0,0.0,0.0,0.0,0.0,0.0,0.0,7292,0.0,0.0,0.0,0.0,0.0,0.0,0.0,0.0,0.0,444.0,511.0,0.0,0.0,0.0,0.0,0.0,0.0,0.0,0.0,0.0,2922.0,0.0,0.0,3024,0.0,0.0,74494,0.0,0.0,0.0,0.0,0.0,86016,106496,16384,0,0,102400,4096,444,511
0,1263808581,0,0,88,60,0,0,0,47155,45144,bad,0,0,0,0,0,20,2,16,3,271,0,0,1,1,5,12,0,0.0,0.0,0.0,0.0,0.0,0.0,0.0,0.0,0.0,0.0,0.0,0.0,0.0,5.93687979741,0.0,0.0,0.0,0.0,0.0,0.0,0.0,0.0,0.0,0.0,0.0,0.0,0.0,0.0,0.0,0.0,0.0,0.0,0.0,0.0,3.13478917818,0.0,0.0,0.0,0.0,0.0,6.3789579091,0.0,0.0,0.0,0.0,0.0,41472,0.0,0.0,0.0,0.0,0.0,0.0,0.0,0.0,0.0,0.0,0.0,0.0,0.0,41472,0.0,0.0,0.0,0.0,0.0,0.0,0.0,0.0,0.0,0.0,0.0,0.0,0.0,0.0,0.0,0.0,0.0,0.0,0.0,0.0,40448.0,0.0,0.0,0,0.0,0.0,1024,0.0,0.0,0.0,0.0,0.0,0.0,0.0,0.0,0.0,0.0,0.0,0.0,0.0,0.0,0.0,0.0,0.0,0.0,1024,0.0,0.0,0.0,0.0,0.0,0.0,0.0,0.0,0.0,0.0,0.0,0.0,0.0,0.0,0.0,0.0,0.0,0.0,0.0,0.0,1024.0,0.0,0.0,0,0.0,0.0,39424,0.0,0.0,0.0,0.0,0.0,40584,0.0,0.0,0.0,0.0,0.0,0.0,0.0,0.0,0.0,0.0,0.0,0.0,0.0,912,0.0,0.0,0.0,0.0,0.0,0.0,0.0,0.0,0.0,0.0,0.0,0.0,0.0,0.0,0.0,0.0,0.0,0.0,0.0,0.0,586.0,0.0,0.0,0,0.0,0.0,39086,0.0,0.0,0.0,0.0,0.0,39424,53248,2048,0,1,42496,4096,39086,586
0,618831510,0,0,44,40,0,0,0,111267,17496,bad,0,0,0,0,0,10,1,16,3,271,0,0,1,1,5,12,1,0.0,0.0,0.0,0.0,0.0,0.0,0.0,0.0,0.0,0.0,0.0,0.0,0.0,7.99513203317,0.0,0.0,0.0,0.0,0.0,0.0,0.0,0.0,0.0,0.0,0.0,0.0,0.0,0.0,0.0,0.0,0.0,0.0,0.0,0.0,0.0,0.0,0.0,0.0,0.0,0.0,6.61071834611,0.0,0.0,0.0,0.0,0.0,56832,0.0,0.0,0.0,0.0,0.0,0.0,0.0,0.0,0.0,0.0,0.0,0.0,0.0,14848,0.0,0.0,0.0,0.0,0.0,0.0,0.0,0.0,0.0,0.0,0.0,0.0,0.0,0.0,0.0,0.0,0.0,0.0,0.0,0.0,0.0,0.0,0.0,0,0.0,0.0,1024,0.0,0.0,0.0,0.0,0.0,0.0,0.0,0.0,0.0,0.0,0.0,0.0,0.0,0.0,0.0,0.0,0.0,0.0,43008,0.0,0.0,0.0,0.0,0.0,0.0,0.0,0.0,0.0,0.0,0.0,0.0,0.0,0.0,0.0,0.0,0.0,0.0,0.0,0.0,0.0,0.0,0.0,0,0.0,0.0,13824,0.0,0.0,0.0,0.0,0.0,121474,0.0,0.0,0.0,0.0,0.0,0.0,0.0,0.0,0.0,0.0,0.0,0.0,0.0,42586,0.0,0.0,0.0,0.0,0.0,0.0,0.0,0.0,0.0,0.0,0.0,0.0,0.0,0.0,0.0,0.0,0.0,0.0,0.0,0.0,65536.0,0.0,0.0,0,0.0,0.0,13352,0.0,0.0,0.0,0.0,0.0,13824,131072,43008,65536,0,57856,4096,13352,65536
0,1304615439,168,0,92,40,72676,0,0,129107,8652,bad,0,0,0,0,0,22,1,16,5,258,0,0,1,1,8,0,0,0.0,0.0,0.0,0.0,0.0,0.0,0.0,0.0,0.0,0.0,0.0,0.0,0.0,0.0,0.0,0.0,0.0,0.0,0.0,0.0,0.0,0.0,0.0,0.0,0.0,0.0,0.0,0.0,0.0,0.0,0.0,0.0,0.0,0.0,5.91865069225,2.53264388085,0.0,7.33821145147,0.0,0.0,6.07611344367,0.0,0.0,0.0,0.0,0.0,77312,0.0,0.0,0.0,0.0,0.0,0.0,0.0,0.0,0.0,0.0,0.0,0.0,0.0,0,0.0,0.0,0.0,0.0,0.0,0.0,0.0,0.0,0.0,0.0,0.0,0.0,0.0,0.0,0.0,0.0,0.0,0.0,0.0,0.0,4096.0,77824.0,0.0,5120,0.0,0.0,1024,0.0,0.0,0.0,0.0,0.0,0.0,0.0,0.0,0.0,0.0,0.0,0.0,0.0,0.0,0.0,0.0,0.0,0.0,0,0.0,0.0,0.0,0.0,0.0,0.0,0.0,0.0,0.0,0.0,0.0,0.0,0.0,0.0,0.0,0.0,0.0,0.0,0.0,0.0,1024.0,512.0,0.0,72704,0.0,0.0,3072,0.0,0.0,0.0,0.0,0.0,77210,0.0,0.0,0.0,0.0,0.0,0.0,0.0,0.0,0.0,0.0,0.0,0.0,0.0,168,0.0,0.0,0.0,0.0,0.0,0.0,0.0,0.0,0.0,0.0,0.0,0.0,0.0,0.0,0.0,0.0,0.0,0.0,0.0,0.0,994.0,328.0,0.0,72676,0.0,0.0,3044,0.0,0.0,0.0,0.0,0.0,3072,94208,74240,0,1,78336,4096,3044,994
0,1154482452,0,0,112,792,1408,0,0,127344,189824,bad,10,0,0,0,0,17,12,16,3,271,0,0,1,1,7,3,1,0.0,0.0,0.0,0.0,0.0,0.0,0.0,0.0,0.0,0.0,0.0,0.0,0.0,0.0,0.0,0.0,0.0,0.0,0.0,0.0,0.0,0.0,0.0,0.0,0.0,0.0,0.0,0.0,0.0,0.0,0.0,0.0,0.0,0.0,0.0,0.0,0.0,3.54942595123,0.0,0.0,0.0,0.0,0.0,7.96287507996,0.0,0.0,81408,0.0,0.0,0.0,0.0,0.0,0.0,0.0,0.0,0.0,0.0,0.0,0.0,0.0,0,0.0,0.0,0.0,0.0,0.0,0.0,0.0,0.0,0.0,0.0,0.0,0.0,0.0,0.0,0.0,0.0,0.0,0.0,0.0,0.0,0.0,0.0,0.0,79360,0.0,0.0,0,0.0,512.0,512.0,0.0,0.0,0.0,0.0,0.0,0.0,0.0,0.0,0.0,0.0,0.0,0.0,0.0,0.0,0.0,0,0.0,0.0,0.0,0.0,0.0,0.0,0.0,0.0,0.0,0.0,0.0,0.0,0.0,0.0,0.0,0.0,0.0,0.0,0.0,0.0,0.0,0.0,0.0,2560,0.0,0.0,0,0.0,0.0,78848.0,0.0,0.0,188416,0.0,0.0,0.0,0.0,0.0,0.0,0.0,0.0,0.0,0.0,0.0,0.0,0.0,0,0.0,0.0,0.0,0.0,0.0,0.0,0.0,0.0,0.0,0.0,0.0,0.0,0.0,0.0,0.0,0.0,0.0,0.0,0.0,0.0,0.0,0.0,0.0,4096,0.0,0.0,0,0.0,102400.0,81920.0,0.0,0.0,81920,192512,4096,102400,0,81920,4096,102400,81920
0,547200171,0,0,40,40,0,0,0,118045,17424,bad,0,0,0,0,0,9,1,16,4,271,0,0,1,1,6,0,1,0.0,0.0,0.0,0.0,0.0,0.0,0.0,0.0,0.0,7.99200482254,0.0,0.0,0.0,7.99471857141,0.0,0.0,0.0,0.0,0.0,0.0,0.0,0.0,0.0,0.0,0.0,0.0,0.0,0.0,0.0,0.0,0.0,0.0,0.0,0.0,0.0,0.0,0.0,0.0,0.0,0.0,6.69389563144,0.0,0.0,0.0,0.0,0.0,84480,0.0,0.0,0.0,0.0,0.0,0.0,0.0,0.0,0.0,57856.0,0.0,0.0,0.0,14848,0.0,0.0,0.0,0.0,0.0,0.0,0.0,0.0,0.0,0.0,0.0,0.0,0.0,0.0,0.0,0.0,0.0,0.0,0.0,0.0,0.0,0.0,0.0,0,0.0,0.0,1024,0.0,0.0,0.0,0.0,0.0,0.0,0.0,0.0,0.0,0.0,0.0,0.0,0.0,0.0,27648.0,0.0,0.0,0.0,43008,0.0,0.0,0.0,0.0,0.0,0.0,0.0,0.0,0.0,0.0,0.0,0.0,0.0,0.0,0.0,0.0,0.0,0.0,0.0,0.0,0.0,0.0,0.0,0,0.0,0.0,13824,0.0,0.0,0.0,0.0,0.0,170626,0.0,0.0,0.0,0.0,0.0,0.0,0.0,0.0,0.0,49152.0,0.0,0.0,0.0,42586,0.0,0.0,0.0,0.0,0.0,0.0,0.0,0.0,0.0,0.0,0.0,0.0,0.0,0.0,0.0,0.0,0.0,0.0,0.0,0.0,65536.0,0.0,0.0,0,0.0,0.0,13352,0.0,0.0,0.0,0.0,0.0,13824,180224,43008,65536,0,85504,4096,13352,65536
0,1169072342,0,0,0,118,160,0,0,37173,70752,bad,0,0,0,0,0,12,3,16,4,271,0,0,1,1,0,0,1,0.0,0.0,0.0,0.0,0.0,0.0,0.0,0.0,0.0,0.0,0.0,0.0,0.0,0.0,0.0,0.0,0.0,6.44696232497,0.0,0.0,0.0,0.0,0.0,0.0,0.0,0.0,0.0,0.0,0.0,0.0,0.0,7.99240108366,0.0,0.0,0.0,0.0,0.0,1.40925790006,0.0,0.0,0.0,0.0,0.0,0.0,0.0,0.0,30660,0.0,0.0,0.0,0.0,0.0,0.0,0.0,0.0,0.0,0.0,0.0,0.0,0.0,1024,0.0,0.0,0.0,26112.0,0.0,0.0,0.0,0.0,0.0,0.0,0.0,0.0,0.0,0.0,0.0,0.0,0.0,1024.0,0.0,0.0,0.0,0.0,0.0,31744,0.0,0.0,0,0.0,0.0,0.0,0.0,0.0,0.0,0.0,0.0,0.0,0.0,0.0,0.0,0.0,0.0,0.0,0.0,0.0,0.0,0,0.0,0.0,0.0,5526.0,0.0,0.0,0.0,0.0,0.0,0.0,0.0,0.0,0.0,0.0,0.0,0.0,0.0,24974.0,0.0,0.0,0.0,0.0,0.0,160,0.0,0.0,0,0.0,0.0,0.0,0.0,0.0,63419,0.0,0.0,0.0,0.0,0.0,0.0,0.0,0.0,0.0,0.0,0.0,0.0,0.0,32768,0.0,0.0,0.0,5517.0,0.0,0.0,0.0,0.0,0.0,0.0,0.0,0.0,0.0,0.0,0.0,0.0,0.0,24974.0,0.0,0.0,0.0,0.0,0.0,160,0.0,0.0,0,0.0,0.0,0.0,0.0,0.0,0,73888,5424,0,0,32285,4096,32768,24974
0,708992537,2928,0,0,1632,5120,0,0,67946,40960,bad,0,0,0,0,0,63,8,16,8,33166,0,0,1,1,2,25,1,0.0,0.0,0.0,0.0,0.0,0.0,0.0,0.0,0.0,0.0,0.0,6.44414032668,0.0,3.8062348712,0.0,0.0,0.0,0.0,0.0,3.87587106765,0.0,0.0,0.0,0.0,0.0,0.0,0.0,0.0,0.0,0.0,0.0,0.0,0.0,0.0,0.20448815744,6.43155981704,0.0,3.7294211779,0.0,0.0,0.0,0.0,0.0,0.0,0.0,0.0,40448,0.0,0.0,0.0,0.0,0.0,0.0,0.0,0.0,0.0,0.0,30720.0,1024.0,0.0,29696,0.0,0.0,0.0,0.0,0.0,30720.0,0.0,0.0,0.0,0.0,0.0,0.0,0.0,0.0,0.0,0.0,0.0,0.0,0.0,0.0,32768.0,33280.0,0.0,36352,0.0,0.0,0,32768.0,0.0,0.0,0.0,0.0,0.0,0.0,0.0,0.0,0.0,0.0,0.0,0.0,0.0,0.0,0.0,28672.0,0.0,1024,0.0,0.0,0.0,0.0,0.0,2048.0,0.0,0.0,0.0,0.0,0.0,0.0,0.0,0.0,0.0,0.0,0.0,0.0,0.0,0.0,512.0,3072.0,0.0,5120,0.0,0.0,0,0.0,0.0,0.0,0.0,0.0,41317,0.0,0.0,0.0,0.0,0.0,0.0,0.0,0.0,0.0,0.0,1957.0,28628.0,0.0,1020,0.0,0.0,0.0,0.0,0.0,1632.0,0.0,0.0,0.0,0.0,0.0,0.0,0.0,0.0,0.0,0.0,0.0,0.0,0.0,0.0,24.0,2928.0,0.0,5120,0.0,0.0,0,8.0,0.0,0.0,0.0,0.0,28672,65536,11776,0,0,41472,4096,28628,1020
0,1211694430,0,0,12,40,0,0,0,82168,8204,bad,0,0,0,0,0,2,1,16,4,271,0,0,1,1,7,10,1,0.0,0.0,0.0,6.85665758121,0.0,0.0,0.0,0.0,0.0,0.0,0.0,0.0,0.0,0.0,0.0,0.0,0.0,0.0,0.0,0.0,0.0,0.0,0.0,0.0,0.0,0.0,0.0,0.0,0.0,0.0,0.0,0.0,0.0,0.0,0.985866656796,0.0,0.0,0.0,0.0,0.0,0.167713791656,0.0,0.0,0.0,0.0,0.0,50688,0.0,0.0,0.0,2048.0,0.0,0.0,0.0,0.0,0.0,0.0,0.0,0.0,0.0,0,0.0,0.0,0.0,0.0,0.0,0.0,0.0,0.0,0.0,0.0,0.0,0.0,0.0,0.0,0.0,0.0,0.0,0.0,0.0,0.0,1536.0,0.0,0.0,0,0.0,0.0,1024,0.0,0.0,0.0,0.0,0.0,0.0,0.0,0.0,49664.0,0.0,0.0,0.0,0.0,0.0,0.0,0.0,0.0,0.0,0,0.0,0.0,0.0,0.0,0.0,0.0,0.0,0.0,0.0,0.0,0.0,0.0,0.0,0.0,0.0,0.0,0.0,0.0,0.0,0.0,512.0,0.0,0.0,0,0.0,0.0,512,0.0,0.0,0.0,0.0,0.0,50954,0.0,0.0,0.0,49442.0,0.0,0.0,0.0,0.0,0.0,0.0,0.0,0.0,0.0,1388,0.0,0.0,0.0,0.0,0.0,0.0,0.0,0.0,0.0,0.0,0.0,0.0,0.0,0.0,0.0,0.0,0.0,0.0,0.0,0.0,112.0,0.0,0.0,0,0.0,0.0,12,0.0,0.0,0.0,0.0,0.0,512,69632,51712,0,0,51712,4096,12,112
0,1162577991,0,0,0,324,144,0,0,59508,86016,bad,0,0,0,0,0,2,1,16,4,271,0,0,1,1,6,0,1,0.0,0.0,0.0,0.0,0.0,0.0,0.0,0.0,0.0,0.0,0.0,0.0,0.0,0.0,0.0,0.0,0.0,0.0,0.0,0.0,0.0,0.0,0.0,0.0,0.0,0.0,0.0,0.0,0.0,0.0,0.0,0.0,0.0,0.0,0.0,0.0,0.0,0.0,0.0,0.0,0.0,0.0,0.0,2.93305732805,7.77490266028,7.89772843076,29283,0.0,0.0,0.0,0.0,0.0,0.0,0.0,0.0,0.0,0.0,0.0,0.0,0.0,0,0.0,0.0,0.0,0.0,0.0,0.0,0.0,0.0,0.0,0.0,0.0,0.0,0.0,0.0,0.0,0.0,0.0,0.0,0.0,0.0,0.0,0.0,0.0,0,0.0,0.0,0,0.0,1024.0,1024.0,1536.0,5632.0,0.0,0.0,0.0,0.0,0.0,0.0,0.0,0.0,0.0,0.0,0.0,0.0,0.0,0,0.0,0.0,0.0,0.0,0.0,0.0,0.0,0.0,0.0,0.0,0.0,0.0,0.0,0.0,0.0,0.0,0.0,0.0,0.0,0.0,0.0,0.0,0.0,0,0.0,0.0,0,0.0,0.0,512.0,4096.0,24675.0,118784,0.0,0.0,0.0,0.0,0.0,0.0,0.0,0.0,0.0,0.0,0.0,0.0,0.0,0,0.0,0.0,0.0,0.0,0.0,0.0,0.0,0.0,0.0,0.0,0.0,0.0,0.0,0.0,0.0,0.0,0.0,0.0,0.0,0.0,0.0,0.0,0.0,0,0.0,0.0,0,0.0,81920.0,4096.0,4096.0,28672.0,4096,122880,32768,81920,0,30307,4096,81920,4096
48556,1146711661,1280,0,0,1058,17484,0,0,92416,32768,bad,0,0,0,0,0,38,6,16,8,33166,0,0,1,1,2,25,1,0.0,0.0,0.0,0.0,0.0,0.0,0.0,0.0,0.0,0.0,0.0,6.38238123348,0.0,2.81452397534,0.0,0.0,0.0,0.0,0.0,3.391190316,0.0,0.0,0.0,0.0,0.0,0.0,0.0,0.0,0.0,0.0,0.0,0.0,0.0,0.0,0.20448815744,6.08094070581,0.0,7.97576574082,0.0,0.0,0.0,0.0,0.0,0.0,0.0,0.0,40960,0.0,0.0,0.0,0.0,0.0,0.0,0.0,0.0,0.0,0.0,20480.0,1024.0,0.0,19968,0.0,0.0,0.0,0.0,0.0,20480.0,0.0,0.0,0.0,0.0,0.0,0.0,0.0,0.0,0.0,0.0,0.0,0.0,0.0,0.0,22016.0,22528.0,0.0,24064,0.0,0.0,0,22016.0,0.0,0.0,0.0,0.0,0.0,0.0,0.0,0.0,0.0,0.0,0.0,0.0,0.0,0.0,0.0,18944.0,0.0,512,0.0,0.0,0.0,0.0,0.0,1536.0,0.0,0.0,0.0,0.0,0.0,0.0,0.0,0.0,0.0,0.0,0.0,0.0,0.0,0.0,512.0,1536.0,0.0,17920,0.0,0.0,0,0.0,0.0,0.0,0.0,0.0,40559,0.0,0.0,0.0,0.0,0.0,0.0,0.0,0.0,0.0,0.0,1781.0,18648.0,0.0,276,0.0,0.0,0.0,0.0,0.0,1058.0,0.0,0.0,0.0,0.0,0.0,0.0,0.0,0.0,0.0,0.0,0.0,0.0,0.0,0.0,24.0,1280.0,0.0,17484,0.0,0.0,0,8.0,0.0,0.0,0.0,0.0,18944,69632,22016,0,0,41984,4096,18648,276
0,1210942244,0,0,12,40,0,0,0,109159,8204,bad,0,0,0,0,0,2,1,16,4,271,0,0,1,1,7,10,1,0.0,0.0,0.0,6.80518361467,0.0,0.0,0.0,0.0,0.0,0.0,0.0,0.0,0.0,0.0,0.0,0.0,0.0,0.0,0.0,0.0,0.0,0.0,0.0,0.0,0.0,0.0,0.0,0.0,0.0,0.0,0.0,0.0,0.0,0.0,0.985866656796,0.0,0.0,0.0,0.0,0.0,0.167713791656,0.0,0.0,0.0,0.0,0.0,45056,0.0,0.0,0.0,2048.0,0.0,0.0,0.0,0.0,0.0,0.0,0.0,0.0,0.0,0,0.0,0.0,0.0,0.0,0.0,0.0,0.0,0.0,0.0,0.0,0.0,0.0,0.0,0.0,0.0,0.0,0.0,0.0,0.0,0.0,1536.0,0.0,0.0,0,0.0,0.0,1024,0.0,0.0,0.0,0.0,0.0,0.0,0.0,0.0,44032.0,0.0,0.0,0.0,0.0,0.0,0.0,0.0,0.0,0.0,0,0.0,0.0,0.0,0.0,0.0,0.0,0.0,0.0,0.0,0.0,0.0,0.0,0.0,0.0,0.0,0.0,0.0,0.0,0.0,0.0,512.0,0.0,0.0,0,0.0,0.0,512,0.0,0.0,0.0,0.0,0.0,45377,0.0,0.0,0.0,43917.0,0.0,0.0,0.0,0.0,0.0,0.0,0.0,0.0,0.0,1336,0.0,0.0,0.0,0.0,0.0,0.0,0.0,0.0,0.0,0.0,0.0,0.0,0.0,0.0,0.0,0.0,0.0,0.0,0.0,0.0,112.0,0.0,0.0,0,0.0,0.0,12,0.0,0.0,0.0,0.0,0.0,512,61440,46080,0,0,46080,4096,12,112
0,1213154990,0,0,0,40,1256,0,0,74513,144283,bad,0,0,0,0,0,6,1,16,2,271,0,0,1,1,5,12,1,0.0,0.0,0.0,0.0,0.0,0.0,0.0,0.0,0.0,0.0,0.0,0.0,0.0,0.0,0.0,0.0,0.0,0.0,0.0,0.0,0.0,0.0,0.0,0.0,0.0,0.0,0.0,0.0,0.0,0.0,0.0,0.0,7.85778108309,0.0,0.0,0.0,0.0,0.0,0.0,0.0,0.0,0.0,0.0,0.0,0.0,0.0,54243,0.0,0.0,0.0,0.0,0.0,0.0,0.0,0.0,0.0,0.0,0.0,0.0,0.0,0,0.0,0.0,0.0,0.0,0.0,0.0,0.0,0.0,0.0,0.0,0.0,0.0,0.0,0.0,0.0,0.0,0.0,0.0,1024.0,0.0,0.0,0.0,0.0,0,0.0,0.0,0,0.0,0.0,0.0,0.0,0.0,0.0,0.0,0.0,0.0,0.0,0.0,0.0,0.0,0.0,0.0,0.0,0.0,0.0,0,0.0,0.0,0.0,0.0,0.0,0.0,0.0,0.0,0.0,0.0,0.0,0.0,0.0,0.0,0.0,0.0,0.0,0.0,53731.0,0.0,0.0,0.0,0.0,0,0.0,0.0,0,0.0,0.0,0.0,0.0,0.0,161093,0.0,0.0,0.0,0.0,0.0,0.0,0.0,0.0,0.0,0.0,0.0,0.0,0.0,0,0.0,0.0,0.0,0.0,0.0,0.0,0.0,0.0,0.0,0.0,0.0,0.0,0.0,0.0,0.0,0.0,0.0,0.0,70981.0,0.0,0.0,0.0,0.0,0,0.0,0.0,0,0.0,0.0,0.0,0.0,0.0,0,165189,0,0,0,54755,4096,90112,70981
0,1188902288,0,0,0,224,104,0,0,26104,69736,bad,0,0,0,0,0,7,2,16,3,271,0,0,1,1,6,0,1,0.0,0.0,0.0,0.0,0.0,0.0,0.0,0.0,0.0,0.0,0.0,0.0,0.0,0.0,0.0,0.0,0.0,0.0,0.0,0.0,0.0,0.0,0.0,0.0,0.0,0.0,0.0,0.0,0.0,0.0,0.0,0.0,0.0,0.0,0.0,0.0,0.0,2.6310096125,0.0,0.0,0.0,0.0,0.0,7.83264442171,0.0,0.0,20992,0.0,0.0,0.0,0.0,0.0,0.0,0.0,0.0,0.0,0.0,0.0,0.0,0.0,0,0.0,0.0,0.0,0.0,0.0,0.0,0.0,0.0,0.0,0.0,0.0,0.0,0.0,0.0,0.0,0.0,0.0,0.0,0.0,0.0,0.0,0.0,0.0,21504,0.0,0.0,0,0.0,1024.0,1024.0,0.0,0.0,0.0,0.0,0.0,0.0,0.0,0.0,0.0,0.0,0.0,0.0,0.0,0.0,0.0,0,0.0,0.0,0.0,0.0,0.0,0.0,0.0,0.0,0.0,0.0,0.0,0.0,0.0,0.0,0.0,0.0,0.0,0.0,0.0,0.0,0.0,0.0,0.0,512,0.0,0.0,0,0.0,0.0,20480.0,0.0,0.0,69632,0.0,0.0,0.0,0.0,0.0,0.0,0.0,0.0,0.0,0.0,0.0,0.0,0.0,0,0.0,0.0,0.0,0.0,0.0,0.0,0.0,0.0,0.0,0.0,0.0,0.0,0.0,0.0,0.0,0.0,0.0,0.0,0.0,0.0,0.0,0.0,0.0,4096,0.0,0.0,0,0.0,45056.0,20480.0,0.0,0.0,20480,73728,4096,45056,0,22016,4096,45056,20480
0,1382647360,0,0,76,80,10640,0,0,70507,16860,bad,0,0,0,0,0,16,3,16,4,259,0,0,1,1,9,0,0,0.0,0.0,0.0,0.0,0.0,0.0,0.0,0.0,0.0,0.0,0.0,0.0,0.0,2.92578101469,0.0,0.0,0.0,0.0,0.0,0.0,0.0,0.0,0.0,0.0,0.0,0.0,0.0,0.0,0.0,0.0,0.0,0.0,0.0,0.0,4.69805148444,0.0,0.0,4.68088496277,0.0,0.0,6.48319011116,0.0,0.0,0.0,0.0,0.0,22016,0.0,0.0,0.0,0.0,0.0,0.0,0.0,0.0,0.0,0.0,0.0,0.0,0.0,11776,0.0,0.0,0.0,0.0,0.0,0.0,0.0,0.0,0.0,0.0,0.0,0.0,0.0,0.0,0.0,0.0,0.0,0.0,0.0,0.0,10752.0,0.0,0.0,12288,0.0,0.0,1024,0.0,0.0,0.0,0.0,0.0,0.0,0.0,0.0,0.0,0.0,0.0,0.0,0.0,0.0,0.0,0.0,0.0,0.0,512,0.0,0.0,0.0,0.0,0.0,0.0,0.0,0.0,0.0,0.0,0.0,0.0,0.0,0.0,0.0,0.0,0.0,0.0,0.0,0.0,1024.0,0.0,0.0,10752,0.0,0.0,9728,0.0,0.0,0.0,0.0,0.0,21718,0.0,0.0,0.0,0.0,0.0,0.0,0.0,0.0,0.0,0.0,0.0,0.0,0.0,420,0.0,0.0,0.0,0.0,0.0,0.0,0.0,0.0,0.0,0.0,0.0,0.0,0.0,0.0,0.0,0.0,0.0,0.0,0.0,0.0,934.0,0.0,0.0,10640,0.0,0.0,9724,0.0,0.0,0.0,0.0,0.0,9728,36864,12288,0,1,25360,4096,9724,934
0,1172916111,0,0,320,120,36864,28,0,76452,14228,bad,5,1,1,5,0,75,5,16,4,271,0,0,1,1,7,0,1,0.0,0.0,0.0,0.0,0.0,0.0,0.0,0.0,0.0,0.0,0.0,0.0,0.0,5.1918632676,0.0,0.0,0.0,0.0,0.0,0.0,0.0,0.0,0.0,0.0,0.0,0.0,0.0,0.0,0.0,0.0,0.0,0.0,0.0,0.0,0.0,0.0,0.0,7.24110755561,0.0,0.0,6.44365839583,0.0,0.0,0.0,0.0,0.0,48640,0.0,0.0,0.0,0.0,0.0,0.0,0.0,0.0,0.0,0.0,0.0,0.0,0.0,12800,0.0,0.0,0.0,0.0,49664.0,0.0,0.0,0.0,0.0,0.0,0.0,0.0,0.0,0.0,0.0,0.0,0.0,0.0,0.0,0.0,0.0,0.0,0.0,13824,0.0,0.0,1024,0.0,0.0,0.0,0.0,0.0,0.0,0.0,0.0,0.0,0.0,0.0,0.0,0.0,0.0,0.0,0.0,0.0,0.0,1024,0.0,0.0,0.0,0.0,0.0,0.0,0.0,0.0,0.0,0.0,0.0,0.0,0.0,0.0,0.0,0.0,0.0,0.0,0.0,0.0,0.0,0.0,0.0,35840,0.0,0.0,11776,0.0,0.0,0.0,0.0,0.0,58240,0.0,0.0,0.0,0.0,0.0,0.0,0.0,0.0,0.0,0.0,0.0,0.0,0.0,5580,0.0,0.0,0.0,0.0,4096.0,0.0,0.0,0.0,0.0,0.0,0.0,0.0,0.0,0.0,0.0,0.0,0.0,0.0,0.0,0.0,0.0,0.0,0.0,36864,0.0,0.0,11700,0.0,0.0,0.0,0.0,0.0,11776,65536,6144,0,0,49664,4096,11700,5580
0,1172916111,0,0,232,100,53248,28,0,75671,7812,bad,5,1,1,4,0,54,4,16,4,287,0,0,1,1,7,0,1,0.0,0.0,0.0,0.0,0.0,0.0,0.0,0.0,0.0,0.0,0.0,0.0,0.0,0.0203931352361,0.0,0.0,0.0,0.0,0.0,0.0,0.0,0.0,0.0,0.0,0.0,0.0,0.0,0.0,0.0,0.0,0.0,0.0,0.0,0.0,0.0,0.0,0.0,5.95771823299,0.0,0.0,6.27402014563,0.0,0.0,0.0,0.0,0.0,57856,0.0,0.0,0.0,0.0,0.0,0.0,0.0,0.0,0.0,0.0,0.0,0.0,0.0,6144,0.0,0.0,0.0,0.0,0.0,0.0,0.0,0.0,0.0,0.0,0.0,0.0,0.0,58880.0,0.0,0.0,0.0,0.0,0.0,0.0,0.0,0.0,0.0,6656,0.0,0.0,1024,0.0,0.0,0.0,0.0,0.0,0.0,0.0,0.0,0.0,0.0,0.0,0.0,0.0,0.0,0.0,0.0,0.0,0.0,512,0.0,0.0,0.0,0.0,0.0,0.0,0.0,0.0,0.0,0.0,0.0,0.0,0.0,0.0,0.0,0.0,0.0,0.0,0.0,0.0,0.0,0.0,0.0,52224,0.0,0.0,5120,0.0,0.0,0.0,0.0,0.0,62766,0.0,0.0,0.0,0.0,0.0,0.0,0.0,0.0,0.0,0.0,0.0,0.0,0.0,436,0.0,0.0,0.0,0.0,0.0,0.0,0.0,0.0,0.0,0.0,0.0,0.0,0.0,4096.0,0.0,0.0,0.0,0.0,0.0,0.0,0.0,0.0,0.0,53248,0.0,0.0,4986,0.0,0.0,0.0,0.0,0.0,5120,73728,23552,0,0,58880,4096,4986,436
0,809089388,0,0,296,80,37376,28,0,81825,15688,bad,5,1,1,3,0,71,3,16,4,271,0,0,1,1,7,10,1,0.0,0.0,0.0,0.0,0.0,0.0,0.0,0.0,0.0,0.0,0.0,0.0,0.0,1.76806286301,0.0,0.0,0.0,0.0,0.0,0.0,0.0,0.0,0.0,0.0,0.0,0.0,0.0,0.0,0.0,0.0,0.0,0.0,0.0,0.0,0.0,0.0,0.0,7.43863804776,0.0,0.0,6.40691031604,0.0,0.0,0.0,0.0,0.0,50176,0.0,0.0,0.0,0.0,0.0,0.0,0.0,0.0,0.0,0.0,0.0,0.0,0.0,14336,0.0,0.0,0.0,0.0,0.0,0.0,0.0,0.0,0.0,0.0,0.0,51200.0,0.0,0.0,0.0,0.0,0.0,0.0,0.0,0.0,0.0,0.0,0.0,14848,0.0,0.0,1024,0.0,0.0,0.0,0.0,0.0,0.0,0.0,0.0,0.0,0.0,0.0,0.0,0.0,0.0,0.0,0.0,0.0,0.0,512,0.0,0.0,0.0,0.0,0.0,0.0,0.0,0.0,0.0,0.0,0.0,0.0,0.0,0.0,0.0,0.0,0.0,0.0,0.0,0.0,0.0,0.0,0.0,36352,0.0,0.0,13312,0.0,0.0,0.0,0.0,0.0,55072,0.0,0.0,0.0,0.0,0.0,0.0,0.0,0.0,0.0,0.0,0.0,0.0,0.0,288,0.0,0.0,0.0,0.0,0.0,0.0,0.0,0.0,0.0,0.0,0.0,4096.0,0.0,0.0,0.0,0.0,0.0,0.0,0.0,0.0,0.0,0.0,0.0,37376,0.0,0.0,13312,0.0,0.0,0.0,0.0,0.0,13312,69632,9216,0,0,51200,4096,13312,288
0,1199631115,0,0,0,40,1332,0,0,64190,25046,bad,0,0,0,0,0,5,1,16,2,271,0,0,1,1,5,12,1,0.0,0.0,0.0,0.0,0.0,0.0,0.0,0.0,0.0,0.0,0.0,0.0,0.0,0.0,0.0,0.0,0.0,0.0,0.0,0.0,0.0,0.0,0.0,0.0,0.0,0.0,0.0,0.0,0.0,0.0,0.0,0.0,0.0,0.0,0.0,0.0,7.49094144346,0.0,0.0,0.0,0.0,0.0,0.0,0.0,0.0,0.0,9441,0.0,0.0,0.0,0.0,0.0,0.0,0.0,0.0,0.0,0.0,0.0,0.0,0.0,0,0.0,0.0,0.0,0.0,0.0,0.0,0.0,0.0,0.0,0.0,0.0,0.0,0.0,0.0,0.0,0.0,0.0,0.0,0.0,0.0,0.0,0.0,512.0,0,0.0,0.0,0,0.0,0.0,0.0,0.0,0.0,0.0,0.0,0.0,0.0,0.0,0.0,0.0,0.0,0.0,0.0,0.0,0.0,0.0,0,0.0,0.0,0.0,0.0,0.0,0.0,0.0,0.0,0.0,0.0,0.0,0.0,0.0,0.0,0.0,0.0,0.0,0.0,0.0,0.0,0.0,0.0,9441.0,0,0.0,0.0,0,0.0,0.0,0.0,0.0,0.0,25313,0.0,0.0,0.0,0.0,0.0,0.0,0.0,0.0,0.0,0.0,0.0,0.0,0.0,0,0.0,0.0,0.0,0.0,0.0,0.0,0.0,0.0,0.0,0.0,0.0,0.0,0.0,0.0,12288.0,0.0,0.0,0.0,0.0,0.0,0.0,0.0,13025.0,0,0.0,0.0,0,0.0,0.0,0.0,0.0,0.0,0,29409,0,0,0,9953,4096,12288,13025
58468,1220108149,16,0,0,0,0,0,0,58468,0,bad,0,0,0,0,0,0,0,16,3,270,0,0,1,1,5,12,0,0.0,0.0,0.0,0.0,0.0,0.0,0.0,0.0,0.0,0.0,0.0,0.0,0.0,0.0,0.0,0.0,0.0,0.0,0.0,0.0,0.0,0.0,0.0,0.0,0.0,0.0,0.0,0.0,0.0,0.0,0.0,0.0,0.0,0.0,4.20845596182,1.49868984408,0.0,0.0,0.0,0.0,5.0057938987,0.0,0.0,0.0,0.0,0.0,2240,0.0,0.0,0.0,0.0,0.0,0.0,0.0,0.0,0.0,0.0,0.0,0.0,0.0,0,0.0,0.0,0.0,0.0,0.0,0.0,0.0,0.0,0.0,0.0,0.0,0.0,0.0,0.0,0.0,0.0,0.0,0.0,0.0,0.0,672.0,2752.0,0.0,0,0.0,0.0,544,0.0,0.0,0.0,0.0,0.0,0.0,0.0,0.0,0.0,0.0,0.0,0.0,0.0,0.0,0.0,0.0,0.0,0.0,0,0.0,0.0,0.0,0.0,0.0,0.0,0.0,0.0,0.0,0.0,0.0,0.0,0.0,0.0,0.0,0.0,0.0,0.0,0.0,0.0,2080.0,32.0,0.0,0,0.0,0.0,128,0.0,0.0,0.0,0.0,0.0,2184,0.0,0.0,0.0,0.0,0.0,0.0,0.0,0.0,0.0,0.0,0.0,0.0,0.0,0,0.0,0.0,0.0,0.0,0.0,0.0,0.0,0.0,0.0,0.0,0.0,0.0,0.0,0.0,0.0,0.0,0.0,0.0,0.0,0.0,2060.0,18.0,0.0,0,0.0,0.0,106,0.0,0.0,0.0,0.0,0.0,128,2784,2112,0,1,2784,544,106,2060
0,708992537,0,0,0,3018,512,0,0,50174,53248,bad,0,0,0,0,0,126,9,16,8,33167,0,0,1,1,2,25,0,0.0,0.0,0.0,0.0,0.0,0.0,0.0,0.0,0.0,0.0,0.0,5.75244309294,0.0,1.21046588148,0.0,0.0,0.0,0.0,0.0,4.66146985082,0.0,0.0,0.0,0.0,0.0,0.0,0.0,0.0,0.0,0.0,0.0,0.0,0.0,0.0,0.20448815744,0.0,0.0,2.86716926858,0.0,0.0,0.0,0.0,0.0,0.0,0.0,0.0,44544,0.0,0.0,0.0,0.0,0.0,0.0,0.0,0.0,0.0,0.0,41472.0,1024.0,0.0,40960,0.0,0.0,0.0,0.0,0.0,41472.0,0.0,0.0,0.0,0.0,0.0,0.0,0.0,0.0,0.0,0.0,0.0,0.0,0.0,0.0,44544.0,45056.0,0.0,45056,0.0,0.0,0,44544.0,0.0,0.0,0.0,0.0,0.0,0.0,0.0,0.0,0.0,0.0,0.0,0.0,0.0,0.0,0.0,39936.0,0.0,512,0.0,0.0,0.0,0.0,0.0,3072.0,0.0,0.0,0.0,0.0,0.0,0.0,0.0,0.0,0.0,0.0,0.0,0.0,0.0,0.0,512.0,0.0,0.0,512,0.0,0.0,0,0.0,0.0,0.0,0.0,0.0,46411,0.0,0.0,0.0,0.0,0.0,0.0,0.0,0.0,0.0,0.0,677.0,39936.0,0.0,140,0.0,0.0,0.0,0.0,0.0,3018.0,0.0,0.0,0.0,0.0,0.0,0.0,0.0,0.0,0.0,0.0,0.0,0.0,0.0,0.0,24.0,2096.0,0.0,512,0.0,0.0,0,8.0,0.0,0.0,0.0,0.0,39936,73728,7168,0,0,45568,4096,39936,140
0,584239349,0,0,44,40,0,0,0,119153,17492,bad,0,0,0,0,0,10,1,16,4,271,0,0,1,1,6,0,1,0.0,0.0,0.0,0.0,0.0,0.0,0.0,0.0,0.0,7.99200482254,0.0,0.0,0.0,7.99553576156,0.0,0.0,0.0,0.0,0.0,0.0,0.0,0.0,0.0,0.0,0.0,0.0,0.0,0.0,0.0,0.0,0.0,0.0,0.0,0.0,0.0,0.0,0.0,0.0,0.0,0.0,6.60732686056,0.0,0.0,0.0,0.0,0.0,84480,0.0,0.0,0.0,0.0,0.0,0.0,0.0,0.0,0.0,57856.0,0.0,0.0,0.0,14848,0.0,0.0,0.0,0.0,0.0,0.0,0.0,0.0,0.0,0.0,0.0,0.0,0.0,0.0,0.0,0.0,0.0,0.0,0.0,0.0,0.0,0.0,0.0,0,0.0,0.0,1024,0.0,0.0,0.0,0.0,0.0,0.0,0.0,0.0,0.0,0.0,0.0,0.0,0.0,0.0,27648.0,0.0,0.0,0.0,43008,0.0,0.0,0.0,0.0,0.0,0.0,0.0,0.0,0.0,0.0,0.0,0.0,0.0,0.0,0.0,0.0,0.0,0.0,0.0,0.0,0.0,0.0,0.0,0,0.0,0.0,13824,0.0,0.0,0.0,0.0,0.0,170626,0.0,0.0,0.0,0.0,0.0,0.0,0.0,0.0,0.0,49152.0,0.0,0.0,0.0,42586,0.0,0.0,0.0,0.0,0.0,0.0,0.0,0.0,0.0,0.0,0.0,0.0,0.0,0.0,0.0,0.0,0.0,0.0,0.0,0.0,65536.0,0.0,0.0,0,0.0,0.0,13352,0.0,0.0,0.0,0.0,0.0,13824,180224,43008,65536,0,85504,4096,13352,65536
0,1210974574,780,73,0,1652,924,0,73,95778,65536,bad,1,0,0,0,1,55,2,16,9,782,0,0,1,1,2,56,1,0.0,0.0,0.0,0.0,0.0,0.0,0.0,0.0,0.0,0.0,0.0,0.0,0.0,5.8166763178,0.0,0.0,0.733950859818,0.0,0.0,4.02863987323,0.0,0.0,0.0,0.0,0.0,0.0,0.0,0.0,0.0,0.0,0.0,0.0,0.0,0.0,3.50646154623,5.38719966279,0.0,3.04033688975,0.0,0.0,6.01880438087,0.0,0.0,0.0,0.0,0.0,36864,0.0,0.0,0.0,0.0,0.0,0.0,0.0,0.0,0.0,0.0,0.0,0.0,0.0,21504,0.0,0.0,33280.0,0.0,0.0,33792.0,0.0,0.0,0.0,0.0,0.0,0.0,0.0,0.0,0.0,0.0,0.0,0.0,0.0,0.0,31744.0,36864.0,0.0,35840,0.0,37888.0,1024,0.0,0.0,0.0,0.0,0.0,0.0,0.0,0.0,0.0,0.0,0.0,0.0,0.0,0.0,0.0,0.0,0.0,0.0,10240,0.0,0.0,512.0,0.0,0.0,2048.0,0.0,0.0,0.0,0.0,0.0,0.0,0.0,0.0,0.0,0.0,0.0,0.0,0.0,0.0,1536.0,1024.0,0.0,1024,0.0,0.0,20480,0.0,0.0,0.0,0.0,0.0,71489,0.0,0.0,0.0,0.0,0.0,0.0,0.0,0.0,0.0,0.0,16672.0,0.0,0.0,9824,0.0,0.0,73.0,0.0,0.0,1652.0,0.0,0.0,0.0,0.0,0.0,0.0,0.0,0.0,0.0,0.0,0.0,0.0,0.0,0.0,1032.0,780.0,0.0,924,0.0,20480.0,20052,0.0,0.0,0.0,0.0,0.0,20480,98304,36864,16896,0,37888,4096,20052,9824
0,1117611993,0,0,0,80,0,0,0,85657,161792,bad,0,0,0,0,0,78,3,16,4,259,0,0,1,1,0,0,0,0.0,0.0,0.0,0.0,0.0,0.0,0.0,0.0,0.0,0.0,0.0042406974943,0.0,0.0,2.65132792272,0.0,0.0,0.0,0.0,0.0,7.90871987743,0.0,0.0,0.0,0.0,0.0,0.0,0.0,0.0,0.0,0.0,0.0,0.0,0.0,0.0,0.0,0.0,0.0,0.0,0.0,0.0,4.07726841704,0.0,0.0,0.0,0.0,0.0,74240,0.0,0.0,0.0,0.0,0.0,0.0,0.0,0.0,0.0,0.0,72192.0,0.0,0.0,1024,0.0,0.0,0.0,0.0,0.0,30720.0,0.0,0.0,0.0,0.0,0.0,0.0,0.0,0.0,0.0,0.0,0.0,0.0,0.0,0.0,0.0,0.0,0.0,0,0.0,0.0,5120,0.0,0.0,0.0,0.0,0.0,0.0,0.0,0.0,0.0,0.0,0.0,0.0,0.0,0.0,0.0,3072.0,0.0,0.0,4096,0.0,0.0,0.0,0.0,0.0,41472.0,0.0,0.0,0.0,0.0,0.0,0.0,0.0,0.0,0.0,0.0,0.0,0.0,0.0,0.0,0.0,0.0,0.0,0,0.0,0.0,25600,0.0,0.0,0.0,0.0,0.0,299008,0.0,0.0,0.0,0.0,0.0,0.0,0.0,0.0,0.0,0.0,53248.0,0.0,0.0,8192,0.0,0.0,0.0,0.0,0.0,126976.0,0.0,0.0,0.0,0.0,0.0,0.0,0.0,0.0,0.0,0.0,0.0,0.0,0.0,0.0,0.0,0.0,0.0,0,0.0,0.0,110592,0.0,0.0,0.0,0.0,0.0,86016,303104,212992,0,0,75264,4096,8192,110592
76622,1213079882,588,0,144,40,912,0,0,76622,46400,bad,4,0,0,0,0,35,1,16,6,270,0,1,0,1,6,0,1,0.0,0.0,0.0,0.0,0.0,0.0,0.0,0.0,0.0,0.0,0.0,0.0,0.0,3.16475492849,0.0,0.0,0.0,0.0,0.0,0.0,0.0,5.05499639537,0.0,0.0,0.0,0.0,0.0,0.0,0.0,5.43568685941,0.0,0.0,0.0,0.0,0.0,5.53946008841,0.0,3.08939551628,0.0,0.0,6.86319478208,0.0,0.0,0.0,0.0,0.0,48224,0.0,0.0,0.0,0.0,0.0,0.0,0.0,0.0,0.0,0.0,0.0,0.0,0.0,42400,0.0,0.0,0.0,0.0,0.0,0.0,0.0,46400.0,0.0,0.0,0.0,0.0,0.0,0.0,0.0,46240.0,0.0,0.0,0.0,0.0,0.0,48192.0,0.0,47264,0.0,0.0,704,0.0,0.0,0.0,0.0,0.0,0.0,0.0,0.0,0.0,0.0,0.0,0.0,0.0,0.0,0.0,0.0,0.0,0.0,3840,0.0,0.0,0.0,0.0,0.0,0.0,0.0,864.0,0.0,0.0,0.0,0.0,0.0,0.0,0.0,160.0,0.0,0.0,0.0,0.0,0.0,736.0,0.0,928,0.0,0.0,41696,0.0,0.0,0.0,0.0,0.0,48097,0.0,0.0,0.0,0.0,0.0,0.0,0.0,0.0,0.0,0.0,0.0,0.0,0.0,3824,0.0,0.0,0.0,0.0,0.0,0.0,0.0,834.0,0.0,0.0,0.0,0.0,0.0,0.0,0.0,131.0,0.0,0.0,0.0,0.0,0.0,726.0,0.0,912,0.0,0.0,41670,0.0,0.0,0.0,0.0,0.0,42720,48928,5504,0,0,48928,704,41670,3824
117106,931793012,8,0,0,90,2308,0,0,70211,67432,bad,1,0,0,0,0,4,2,16,4,271,0,0,1,1,6,0,1,0.0,0.0,0.0,0.0,0.0,0.0,0.0,0.0,0.0,0.0,0.0,0.0,0.0,4.38036874937,0.0,0.0,0.0,0.0,0.0,0.0,0.0,0.0,0.0,0.0,0.0,0.0,0.0,0.0,0.0,0.0,0.0,0.0,0.0,0.0,0.0,0.0,0.0,1.83967861619,0.0,0.0,6.16510077192,0.0,0.0,0.0,0.0,0.0,24576,0.0,0.0,0.0,0.0,0.0,0.0,0.0,0.0,0.0,0.0,0.0,0.0,0.0,24576,0.0,0.0,0.0,0.0,0.0,0.0,0.0,0.0,0.0,0.0,0.0,0.0,0.0,0.0,0.0,0.0,0.0,0.0,0.0,0.0,0.0,0.0,0.0,20480,0.0,0.0,4096,0.0,0.0,0.0,0.0,0.0,0.0,0.0,0.0,0.0,0.0,0.0,0.0,0.0,0.0,0.0,0.0,0.0,0.0,4096,0.0,0.0,0.0,0.0,0.0,0.0,0.0,0.0,0.0,0.0,0.0,0.0,0.0,0.0,0.0,0.0,0.0,0.0,0.0,0.0,0.0,0.0,0.0,4096,0.0,0.0,12288,0.0,0.0,0.0,0.0,0.0,65536,0.0,0.0,0.0,0.0,0.0,0.0,0.0,0.0,0.0,0.0,0.0,0.0,0.0,4096,0.0,0.0,0.0,0.0,0.0,0.0,0.0,0.0,0.0,0.0,0.0,0.0,0.0,0.0,0.0,0.0,0.0,0.0,0.0,0.0,0.0,0.0,0.0,4096,0.0,0.0,53248,0.0,0.0,0.0,0.0,0.0,53248,69632,8192,0,1,28672,4096,53248,4096
73069,1183781770,0,0,0,100,632,0,0,32275,45912,bad,0,0,0,0,0,9,4,16,3,271,0,0,1,1,6,0,1,0.0,7.88328602461,0.0,0.0,0.0,0.0,0.0,0.0,0.0,0.0,0.0,0.0,0.0,0.0,0.0,0.0,0.0,0.0,0.0,0.0,0.0,0.0,0.0,0.0,0.0,0.0,0.0,0.0,0.0,0.0,0.0,0.0,0.0,0.0,0.0,0.0,0.0,0.0,0.0,0.0,0.0,0.0,0.0,0.0,0.0,0.0,20220,512.0,512.0,512.0,0.0,0.0,0.0,0.0,0.0,0.0,0.0,0.0,0.0,0.0,0,0.0,0.0,0.0,0.0,0.0,0.0,0.0,0.0,0.0,0.0,0.0,0.0,0.0,0.0,0.0,0.0,0.0,0.0,0.0,0.0,0.0,0.0,0.0,0,0.0,0.0,0,0.0,0.0,0.0,0.0,0.0,0.0,20220.0,0.0,0.0,0.0,0.0,0.0,0.0,0.0,0.0,0.0,0.0,0.0,0,0.0,0.0,0.0,0.0,0.0,0.0,0.0,0.0,0.0,0.0,0.0,0.0,0.0,0.0,0.0,0.0,0.0,0.0,0.0,0.0,0.0,0.0,0.0,0,0.0,0.0,0,0.0,0.0,0.0,0.0,0.0,69556,40960.0,20480.0,8116.0,0.0,0.0,0.0,0.0,0.0,0.0,0.0,0.0,0.0,0.0,0,0.0,0.0,0.0,0.0,0.0,0.0,0.0,0.0,0.0,0.0,0.0,0.0,0.0,0.0,0.0,0.0,0.0,0.0,0.0,0.0,0.0,0.0,0.0,0,0.0,0.0,0,0.0,0.0,0.0,0.0,0.0,0,73728,20480,40960,0,20767,4096,40960,20480
97308,1383744221,3044,0,592,140,7368,28,0,97308,50424,good,0,0,0,0,0,142,6,16,5,258,0,0,1,1,9,0,0,0.0,0.0,0.0,0.0,0.0,0.0,0.0,0.0,0.0,0.0,0.0,0.0,0.0,4.29739919509,0.0,0.0,0.0,0.0,0.0,0.0,0.0,0.0,0.0,0.0,0.0,0.0,0.0,0.0,0.0,0.0,0.0,0.0,0.0,0.0,4.30471655658,5.61232277704,0.0,5.08119155329,0.0,0.0,6.27100950191,0.0,0.0,0.0,0.0,0.0,60416,0.0,0.0,0.0,0.0,0.0,0.0,0.0,0.0,0.0,0.0,0.0,0.0,0.0,48128,0.0,0.0,0.0,0.0,0.0,0.0,0.0,0.0,0.0,0.0,0.0,0.0,0.0,0.0,0.0,0.0,0.0,0.0,0.0,0.0,35328.0,57344.0,0.0,49664,0.0,0.0,1024,0.0,0.0,0.0,0.0,0.0,0.0,0.0,0.0,0.0,0.0,0.0,0.0,0.0,0.0,0.0,0.0,0.0,0.0,1536,0.0,0.0,0.0,0.0,0.0,0.0,0.0,0.0,0.0,0.0,0.0,0.0,0.0,0.0,0.0,0.0,0.0,0.0,0.0,0.0,12800.0,4096.0,0.0,7680,0.0,0.0,34304,0.0,0.0,0.0,0.0,0.0,59740,0.0,0.0,0.0,0.0,0.0,0.0,0.0,0.0,0.0,0.0,0.0,0.0,0.0,2376,0.0,0.0,0.0,0.0,0.0,0.0,0.0,0.0,0.0,0.0,0.0,0.0,0.0,0.0,0.0,0.0,0.0,0.0,0.0,0.0,12370.0,3716.0,0.0,7368,0.0,0.0,33910,0.0,0.0,0.0,0.0,0.0,34304,73728,26112,0,1,69144,4096,33910,12370
103233,1383102953,60,0,1008,60,872,28,0,103233,53248,good,5,1,0,0,0,124,2,16,8,34,0,1,0,0,9,0,1,0.0,0.0,0.0,0.0,0.0,0.0,0.0,0.0,0.0,0.0,0.0,0.0,0.0,0.118369631259,0.0,0.0,0.0,0.0,0.0,0.0,0.0,4.92104227848,0.0,0.0,0.0,0.0,0.0,0.0,0.0,5.80393612214,0.0,3.73918594871,0.0,0.0,4.28496019994,0.742086600144,0.0,3.81636337894,0.0,0.0,6.10043209001,0.0,0.0,0.0,0.0,0.0,44032,0.0,0.0,0.0,0.0,0.0,0.0,0.0,0.0,0.0,0.0,0.0,0.0,0.0,35328,0.0,0.0,0.0,0.0,0.0,0.0,0.0,39424.0,0.0,0.0,0.0,0.0,0.0,0.0,0.0,38400.0,0.0,35840.0,0.0,0.0,29696.0,44544.0,0.0,43520,0.0,0.0,1024,0.0,0.0,0.0,0.0,0.0,0.0,0.0,0.0,0.0,0.0,0.0,0.0,0.0,0.0,0.0,0.0,0.0,0.0,512,0.0,0.0,0.0,0.0,0.0,0.0,0.0,4096.0,0.0,0.0,0.0,0.0,0.0,0.0,0.0,1024.0,0.0,2560.0,0.0,0.0,5632.0,512.0,0.0,1024,0.0,0.0,28672,0.0,0.0,0.0,0.0,0.0,44596,0.0,0.0,0.0,0.0,0.0,0.0,0.0,0.0,0.0,0.0,0.0,0.0,0.0,2680,0.0,0.0,0.0,0.0,0.0,0.0,0.0,4064.0,0.0,0.0,0.0,0.0,0.0,0.0,0.0,970.0,0.0,2052.0,0.0,0.0,5428.0,180.0,0.0,872,0.0,0.0,28350,0.0,0.0,0.0,0.0,0.0,33792,65536,10240,0,0,54080,4096,28350,5428
26573,1386271379,360,0,208,100,2588,28,0,25971,8804,good,0,0,0,0,0,48,4,16,5,290,0,0,1,1,10,0,0,0.0,0.0,0.0,0.0,0.0,0.0,0.0,0.0,0.0,0.0,0.0,0.0,0.0,0.352759488216,0.0,0.0,0.0,0.0,0.0,0.0,0.0,0.0,0.0,0.0,0.0,0.0,0.0,0.0,0.0,0.0,0.0,0.0,0.0,0.0,4.71178937097,4.99546796842,0.0,5.22040101122,0.0,0.0,6.08791158097,0.0,0.0,0.0,0.0,0.0,9216,0.0,0.0,0.0,0.0,0.0,0.0,0.0,0.0,0.0,0.0,0.0,0.0,0.0,6144,0.0,0.0,0.0,0.0,0.0,0.0,0.0,0.0,0.0,0.0,0.0,0.0,0.0,0.0,0.0,0.0,0.0,0.0,0.0,0.0,4096.0,9728.0,0.0,6656,0.0,0.0,1024,0.0,0.0,0.0,0.0,0.0,0.0,0.0,0.0,0.0,0.0,0.0,0.0,0.0,0.0,0.0,0.0,0.0,0.0,512,0.0,0.0,0.0,0.0,0.0,0.0,0.0,0.0,0.0,0.0,0.0,0.0,0.0,0.0,0.0,0.0,0.0,0.0,0.0,0.0,2048.0,512.0,0.0,3072,0.0,0.0,3072,0.0,0.0,0.0,0.0,0.0,8688,0.0,0.0,0.0,0.0,0.0,0.0,0.0,0.0,0.0,0.0,0.0,0.0,0.0,908,0.0,0.0,0.0,0.0,0.0,0.0,0.0,0.0,0.0,0.0,0.0,0.0,0.0,0.0,0.0,0.0,0.0,0.0,0.0,0.0,1844.0,474.0,0.0,2588,0.0,0.0,2874,0.0,0.0,0.0,0.0,0.0,3072,24576,6144,0,1,18544,4096,2874,1844
0,1373925025,12,0,8,83,11904,28,0,54015,35064,good,0,0,0,0,0,1,1,16,4,258,0,0,1,1,11,0,0,0.0,0.0,0.0,0.0,0.0,0.0,0.0,0.0,0.0,0.0,0.0,0.0,0.0,0.0,0.0,0.0,0.0,0.0,0.0,0.0,0.0,0.0,0.0,0.0,0.0,0.0,0.0,0.0,0.0,0.0,0.0,0.0,0.0,0.0,0.0,0.0815394123432,0.0,3.30802780889,2.43761533928,0.0,5.50276436684,0.0,0.0,0.0,0.0,0.0,40448,0.0,0.0,0.0,0.0,0.0,0.0,0.0,0.0,0.0,0.0,0.0,0.0,0.0,0,0.0,0.0,0.0,0.0,0.0,0.0,0.0,0.0,0.0,0.0,0.0,0.0,0.0,0.0,0.0,0.0,0.0,0.0,0.0,0.0,0.0,40960.0,0.0,28672,28160.0,0.0,1024,0.0,0.0,0.0,0.0,0.0,0.0,0.0,0.0,0.0,0.0,0.0,0.0,0.0,0.0,0.0,0.0,0.0,0.0,0,0.0,0.0,0.0,0.0,0.0,0.0,0.0,0.0,0.0,0.0,0.0,0.0,0.0,0.0,0.0,0.0,0.0,0.0,0.0,0.0,0.0,512.0,0.0,12288,512.0,0.0,27136,0.0,0.0,0.0,0.0,0.0,39192,0.0,0.0,0.0,0.0,0.0,0.0,0.0,0.0,0.0,0.0,0.0,0.0,0.0,0,0.0,0.0,0.0,0.0,0.0,0.0,0.0,0.0,0.0,0.0,0.0,0.0,0.0,0.0,0.0,0.0,0.0,0.0,0.0,0.0,0.0,12.0,0.0,11904,312.0,0.0,26964,0.0,0.0,0.0,0.0,0.0,27136,73728,13312,0,0,41472,8192,26964,312
50003,1378865704,360,0,208,100,2588,28,0,59485,8804,good,0,0,0,0,0,48,4,16,5,290,0,0,1,1,10,0,0,0.0,0.0,0.0,0.0,0.0,0.0,0.0,0.0,0.0,0.0,0.0,0.0,0.0,0.352759488216,0.0,0.0,0.0,0.0,0.0,0.0,0.0,0.0,0.0,0.0,0.0,0.0,0.0,0.0,0.0,0.0,0.0,0.0,0.0,0.0,4.71370106147,4.99546796842,0.0,5.21892743658,0.0,0.0,6.08791158097,0.0,0.0,0.0,0.0,0.0,9216,0.0,0.0,0.0,0.0,0.0,0.0,0.0,0.0,0.0,0.0,0.0,0.0,0.0,6144,0.0,0.0,0.0,0.0,0.0,0.0,0.0,0.0,0.0,0.0,0.0,0.0,0.0,0.0,0.0,0.0,0.0,0.0,0.0,0.0,4096.0,9728.0,0.0,6656,0.0,0.0,1024,0.0,0.0,0.0,0.0,0.0,0.0,0.0,0.0,0.0,0.0,0.0,0.0,0.0,0.0,0.0,0.0,0.0,0.0,512,0.0,0.0,0.0,0.0,0.0,0.0,0.0,0.0,0.0,0.0,0.0,0.0,0.0,0.0,0.0,0.0,0.0,0.0,0.0,0.0,2048.0,512.0,0.0,3072,0.0,0.0,3072,0.0,0.0,0.0,0.0,0.0,8688,0.0,0.0,0.0,0.0,0.0,0.0,0.0,0.0,0.0,0.0,0.0,0.0,0.0,908,0.0,0.0,0.0,0.0,0.0,0.0,0.0,0.0,0.0,0.0,0.0,0.0,0.0,0.0,0.0,0.0,0.0,0.0,0.0,0.0,1844.0,474.0,0.0,2588,0.0,0.0,2874,0.0,0.0,0.0,0.0,0.0,3072,24576,6144,0,1,17816,4096,2874,1844
131873,1373623674,4464,0,184,100,1040,28,0,131873,94268,good,6,1,0,0,0,42,4,16,8,258,0,1,0,1,9,0,1,0.0,0.0,0.0,0.0,0.0,0.0,0.0,0.0,0.0,0.0,0.0,0.0,0.0,1.57905722108,0.0,0.0,0.0,0.0,0.0,0.0,0.0,4.62395485035,0.0,0.0,0.0,0.0,0.0,0.0,0.0,5.23896330086,7.76076527694,0.0,0.0,0.0,3.98804256501,6.39198000438,0.0,2.52422687375,0.0,0.0,6.39382576503,0.0,0.0,0.0,0.0,0.0,84992,0.0,0.0,0.0,0.0,0.0,0.0,0.0,0.0,0.0,0.0,0.0,0.0,0.0,59904,0.0,0.0,0.0,0.0,0.0,0.0,0.0,77824.0,0.0,0.0,0.0,0.0,0.0,0.0,0.0,60416.0,61952.0,0.0,0.0,0.0,58880.0,80896.0,0.0,79360,0.0,0.0,1024,0.0,0.0,0.0,0.0,0.0,0.0,0.0,0.0,0.0,0.0,0.0,0.0,0.0,0.0,0.0,0.0,0.0,0.0,512,0.0,0.0,0.0,0.0,0.0,0.0,0.0,1536.0,0.0,0.0,0.0,0.0,0.0,0.0,0.0,1536.0,15872.0,0.0,0.0,0.0,1024.0,5120.0,0.0,1536,0.0,0.0,57856,0.0,0.0,0.0,0.0,0.0,84632,0.0,0.0,0.0,0.0,0.0,0.0,0.0,0.0,0.0,0.0,0.0,0.0,0.0,2488,0.0,0.0,0.0,0.0,0.0,0.0,0.0,1208.0,0.0,0.0,0.0,0.0,0.0,0.0,0.0,1242.0,15372.0,0.0,0.0,0.0,623.0,4976.0,0.0,1040,0.0,0.0,57683,0.0,0.0,0.0,0.0,0.0,60928,110592,26112,0,0,86016,4096,57683,623
88929,1366168427,1840,0,464,140,1324,28,0,88929,34296,good,0,0,0,0,0,110,6,16,5,258,0,0,1,1,8,0,0,0.0,0.0,0.0,0.0,0.0,0.0,0.0,0.0,0.0,0.0,0.0,0.0,0.0,0.488187699859,0.0,0.0,0.0,0.0,0.0,0.0,0.0,0.0,0.0,0.0,0.0,0.0,0.0,0.0,0.0,0.0,0.0,0.0,0.0,0.0,4.55398819995,3.86876040327,0.0,4.1579450411,0.0,0.0,5.57846027469,0.0,0.0,0.0,0.0,0.0,49152,0.0,0.0,0.0,0.0,0.0,0.0,0.0,0.0,0.0,0.0,0.0,0.0,0.0,40960,0.0,0.0,0.0,0.0,0.0,0.0,0.0,0.0,0.0,0.0,0.0,0.0,0.0,0.0,0.0,0.0,0.0,0.0,0.0,0.0,24576.0,49152.0,0.0,45056,0.0,0.0,4096,0.0,0.0,0.0,0.0,0.0,0.0,0.0,0.0,0.0,0.0,0.0,0.0,0.0,0.0,0.0,0.0,0.0,0.0,4096,0.0,0.0,0.0,0.0,0.0,0.0,0.0,0.0,0.0,0.0,0.0,0.0,0.0,0.0,0.0,0.0,0.0,0.0,0.0,0.0,16384.0,4096.0,0.0,4096,0.0,0.0,20480,0.0,0.0,0.0,0.0,0.0,34795,0.0,0.0,0.0,0.0,0.0,0.0,0.0,0.0,0.0,0.0,0.0,0.0,0.0,1212,0.0,0.0,0.0,0.0,0.0,0.0,0.0,0.0,0.0,0.0,0.0,0.0,0.0,0.0,0.0,0.0,0.0,0.0,0.0,0.0,13470.0,2218.0,0.0,1324,0.0,0.0,16571,0.0,0.0,0.0,0.0,0.0,20480,53248,28672,0,1,59720,4096,16571,13470
0,1383129900,0,0,504,100,10944,0,0,90045,47044,good,0,0,0,0,0,122,4,16,4,271,0,0,1,1,6,0,0,0.0,0.0,0.0,0.0,0.0,0.0,0.0,0.0,0.0,0.0,0.0,0.0,0.0,2.82600188199,0.0,0.0,0.0,0.0,0.0,0.0,0.0,0.0,0.0,0.0,0.0,0.0,0.0,0.0,0.0,0.0,0.0,0.0,0.0,0.0,3.70047922779,0.0,0.0,3.86376602249,0.0,0.0,6.30012864687,0.0,0.0,0.0,0.0,0.0,73728,0.0,0.0,0.0,0.0,0.0,0.0,0.0,0.0,0.0,0.0,0.0,0.0,0.0,53248,0.0,0.0,0.0,0.0,0.0,0.0,0.0,0.0,0.0,0.0,0.0,0.0,0.0,0.0,0.0,0.0,0.0,0.0,0.0,0.0,45056.0,0.0,0.0,65536,0.0,0.0,4096,0.0,0.0,0.0,0.0,0.0,0.0,0.0,0.0,0.0,0.0,0.0,0.0,0.0,0.0,0.0,0.0,0.0,0.0,12288,0.0,0.0,0.0,0.0,0.0,0.0,0.0,0.0,0.0,0.0,0.0,0.0,0.0,0.0,0.0,0.0,0.0,0.0,0.0,0.0,8192.0,0.0,0.0,12288,0.0,0.0,40960,0.0,0.0,0.0,0.0,0.0,68536,0.0,0.0,0.0,0.0,0.0,0.0,0.0,0.0,0.0,0.0,0.0,0.0,0.0,14580,0.0,0.0,0.0,0.0,0.0,0.0,0.0,0.0,0.0,0.0,0.0,0.0,0.0,0.0,0.0,0.0,0.0,0.0,0.0,0.0,4770.0,0.0,0.0,10944,0.0,0.0,38242,0.0,0.0,0.0,0.0,0.0,40960,81920,36864,0,1,77824,4096,38242,4770
0,1384275611,12,0,8,83,2112,28,0,65048,44872,good,0,0,0,0,0,1,1,16,4,258,0,0,1,1,8,0,0,0.0,0.0,0.0,0.0,0.0,0.0,0.0,0.0,0.0,0.0,0.0,0.0,0.0,0.0,0.0,0.0,0.0,0.0,0.0,0.0,0.0,0.0,0.0,0.0,0.0,0.0,0.0,0.0,0.0,0.0,0.0,0.0,0.0,0.0,0.0,0.0776331623432,0.0,2.88783796081,2.77187732267,0.0,5.73821870208,0.0,0.0,0.0,0.0,0.0,40448,0.0,0.0,0.0,0.0,0.0,0.0,0.0,0.0,0.0,0.0,0.0,0.0,0.0,0,0.0,0.0,0.0,0.0,0.0,0.0,0.0,0.0,0.0,0.0,0.0,0.0,0.0,0.0,0.0,0.0,0.0,0.0,0.0,0.0,0.0,40960.0,0.0,38400,37888.0,0.0,1024,0.0,0.0,0.0,0.0,0.0,0.0,0.0,0.0,0.0,0.0,0.0,0.0,0.0,0.0,0.0,0.0,0.0,0.0,0,0.0,0.0,0.0,0.0,0.0,0.0,0.0,0.0,0.0,0.0,0.0,0.0,0.0,0.0,0.0,0.0,0.0,0.0,0.0,0.0,0.0,512.0,0.0,2560,512.0,0.0,36864,0.0,0.0,0.0,0.0,0.0,39096,0.0,0.0,0.0,0.0,0.0,0.0,0.0,0.0,0.0,0.0,0.0,0.0,0.0,0,0.0,0.0,0.0,0.0,0.0,0.0,0.0,0.0,0.0,0.0,0.0,0.0,0.0,0.0,0.0,0.0,0.0,0.0,0.0,0.0,0.0,12.0,0.0,2112,200.0,0.0,36772,0.0,0.0,0.0,0.0,0.0,36864,73728,3584,0,0,41472,8192,36772,200
128742,1372384141,0,0,460,140,48496,28,0,128742,28180,good,0,0,0,0,0,109,6,16,4,291,0,0,1,1,8,0,0,0.0,0.0,0.0,0.0,0.0,0.0,0.0,0.0,0.0,0.0,0.0,0.0,0.0,0.352759488216,0.0,0.0,0.0,0.0,0.0,0.0,0.0,0.0,0.0,0.0,0.0,0.0,0.0,0.0,0.0,0.0,0.0,0.0,0.0,0.0,5.15961509551,0.0,0.0,4.02363135009,0.0,0.0,5.95825744786,0.0,0.0,0.0,0.0,0.0,75264,0.0,0.0,0.0,0.0,0.0,0.0,0.0,0.0,0.0,0.0,0.0,0.0,0.0,27136,0.0,0.0,0.0,0.0,0.0,0.0,0.0,0.0,0.0,0.0,0.0,0.0,0.0,0.0,0.0,0.0,0.0,0.0,0.0,0.0,20480.0,0.0,0.0,27648,0.0,0.0,1024,0.0,0.0,0.0,0.0,0.0,0.0,0.0,0.0,0.0,0.0,0.0,0.0,0.0,0.0,0.0,0.0,0.0,0.0,512,0.0,0.0,0.0,0.0,0.0,0.0,0.0,0.0,0.0,0.0,0.0,0.0,0.0,0.0,0.0,0.0,0.0,0.0,0.0,0.0,6656.0,0.0,0.0,48640,0.0,0.0,19456,0.0,0.0,0.0,0.0,0.0,76540,0.0,0.0,0.0,0.0,0.0,0.0,0.0,0.0,0.0,0.0,0.0,0.0,0.0,2572,0.0,0.0,0.0,0.0,0.0,0.0,0.0,0.0,0.0,0.0,0.0,0.0,0.0,0.0,0.0,0.0,0.0,0.0,0.0,0.0,6264.0,0.0,0.0,48496,0.0,0.0,19208,0.0,0.0,0.0,0.0,0.0,19456,86016,55808,0,1,82464,4096,19208,6264
111737,1383380653,2392,0,336,80,4648,28,0,111737,55652,good,0,0,0,0,0,81,3,16,5,258,0,0,1,1,9,0,0,0.0,0.0,0.0,0.0,0.0,0.0,0.0,0.0,0.0,0.0,0.0,0.0,0.0,2.93292528368,0.0,0.0,0.0,0.0,0.0,0.0,0.0,0.0,0.0,0.0,0.0,0.0,0.0,0.0,0.0,0.0,0.0,0.0,0.0,0.0,5.29793092022,4.29615157122,0.0,4.80017755482,0.0,0.0,6.51815426971,0.0,0.0,0.0,0.0,0.0,69632,0.0,0.0,0.0,0.0,0.0,0.0,0.0,0.0,0.0,0.0,0.0,0.0,0.0,54272,0.0,0.0,0.0,0.0,0.0,0.0,0.0,0.0,0.0,0.0,0.0,0.0,0.0,0.0,0.0,0.0,0.0,0.0,0.0,0.0,45568.0,66048.0,0.0,60928,0.0,0.0,1024,0.0,0.0,0.0,0.0,0.0,0.0,0.0,0.0,0.0,0.0,0.0,0.0,0.0,0.0,0.0,0.0,0.0,0.0,6656,0.0,0.0,0.0,0.0,0.0,0.0,0.0,0.0,0.0,0.0,0.0,0.0,0.0,0.0,0.0,0.0,0.0,0.0,0.0,0.0,8704.0,4608.0,0.0,5120,0.0,0.0,44544,0.0,0.0,0.0,0.0,0.0,75064,0.0,0.0,0.0,0.0,0.0,0.0,0.0,0.0,0.0,0.0,0.0,0.0,0.0,13860,0.0,0.0,0.0,0.0,0.0,0.0,0.0,0.0,0.0,0.0,0.0,0.0,0.0,0.0,0.0,0.0,0.0,0.0,0.0,0.0,8320.0,4152.0,0.0,4648,0.0,0.0,44084,0.0,0.0,0.0,0.0,0.0,44544,94208,32768,0,1,77136,4096,44084,8320
106036,1337310373,1820,0,456,120,1376,28,0,106036,30064,good,0,0,0,0,0,109,5,16,5,258,0,0,1,1,8,0,0,0.0,0.0,0.0,0.0,0.0,0.0,0.0,0.0,0.0,0.0,0.0,0.0,0.0,0.490004245209,0.0,0.0,0.0,0.0,0.0,0.0,0.0,0.0,0.0,0.0,0.0,0.0,0.0,0.0,0.0,0.0,0.0,0.0,0.0,0.0,4.47339110972,3.84975905485,0.0,4.19975976735,0.0,0.0,6.31278693497,0.0,0.0,0.0,0.0,0.0,45056,0.0,0.0,0.0,0.0,0.0,0.0,0.0,0.0,0.0,0.0,0.0,0.0,0.0,36864,0.0,0.0,0.0,0.0,0.0,0.0,0.0,0.0,0.0,0.0,0.0,0.0,0.0,0.0,0.0,0.0,0.0,0.0,0.0,0.0,20480.0,45056.0,0.0,40960,0.0,0.0,4096,0.0,0.0,0.0,0.0,0.0,0.0,0.0,0.0,0.0,0.0,0.0,0.0,0.0,0.0,0.0,0.0,0.0,0.0,4096,0.0,0.0,0.0,0.0,0.0,0.0,0.0,0.0,0.0,0.0,0.0,0.0,0.0,0.0,0.0,0.0,0.0,0.0,0.0,0.0,16384.0,4096.0,0.0,4096,0.0,0.0,16384,0.0,0.0,0.0,0.0,0.0,34435,0.0,0.0,0.0,0.0,0.0,0.0,0.0,0.0,0.0,0.0,0.0,0.0,0.0,1212,0.0,0.0,0.0,0.0,0.0,0.0,0.0,0.0,0.0,0.0,0.0,0.0,0.0,0.0,0.0,0.0,0.0,0.0,0.0,0.0,13276.0,2192.0,0.0,1376,0.0,0.0,16379,0.0,0.0,0.0,0.0,0.0,16384,49152,28672,0,1,55624,4096,16379,13276
37810,1355994741,0,0,128,80,0,0,0,37810,8332,good,0,0,0,0,0,29,3,16,3,271,0,0,1,1,6,0,0,0.0,0.0,0.0,0.0,0.0,0.0,0.0,0.0,0.0,0.0,0.0,0.0,0.0,1.979226844,0.0,0.0,0.0,0.0,0.0,0.0,0.0,0.0,0.0,0.0,0.0,0.0,0.0,0.0,0.0,0.0,0.0,0.0,0.0,0.0,1.36878166935,0.0,0.0,0.0,0.0,0.0,3.02851275248,0.0,0.0,0.0,0.0,0.0,12288,0.0,0.0,0.0,0.0,0.0,0.0,0.0,0.0,0.0,0.0,0.0,0.0,0.0,12288,0.0,0.0,0.0,0.0,0.0,0.0,0.0,0.0,0.0,0.0,0.0,0.0,0.0,0.0,0.0,0.0,0.0,0.0,0.0,0.0,8192.0,0.0,0.0,0,0.0,0.0,4096,0.0,0.0,0.0,0.0,0.0,0.0,0.0,0.0,0.0,0.0,0.0,0.0,0.0,0.0,0.0,0.0,0.0,0.0,4096,0.0,0.0,0.0,0.0,0.0,0.0,0.0,0.0,0.0,0.0,0.0,0.0,0.0,0.0,0.0,0.0,0.0,0.0,0.0,0.0,4096.0,0.0,0.0,0,0.0,0.0,4096,0.0,0.0,0.0,0.0,0.0,3600,0.0,0.0,0.0,0.0,0.0,0.0,0.0,0.0,0.0,0.0,0.0,0.0,0.0,1116,0.0,0.0,0.0,0.0,0.0,0.0,0.0,0.0,0.0,0.0,0.0,0.0,0.0,0.0,0.0,0.0,0.0,0.0,0.0,0.0,840.0,0.0,0.0,0,0.0,0.0,1644,0.0,0.0,0.0,0.0,0.0,4096,16384,8192,0,1,23408,4096,1644,840
38216,1377140052,948,0,340,380,1920,56,0,38216,24916,good,6,3,0,0,0,67,18,16,5,258,0,0,1,1,11,0,0,0.0,0.0,0.0,0.0,0.0,0.0,0.0,0.0,0.0,0.0,0.0,0.0,0.0,0.601619942345,0.0,0.0,0.0,0.0,0.0,4.62118447084,0.0,0.0,0.0,0.0,0.0,0.0,0.0,0.0,0.0,0.0,0.0,0.0,0.0,0.0,0.0,6.34880062872,0.0,4.05069190315,0.0,0.0,6.05141097779,0.0,0.0,0.0,0.0,0.0,20480,0.0,0.0,0.0,0.0,0.0,0.0,0.0,0.0,0.0,0.0,0.0,0.0,0.0,14336,0.0,0.0,0.0,0.0,0.0,15360.0,0.0,0.0,0.0,0.0,0.0,0.0,0.0,0.0,0.0,0.0,0.0,0.0,0.0,0.0,0.0,20480.0,0.0,18432,0.0,0.0,1024,0.0,0.0,0.0,0.0,0.0,0.0,0.0,0.0,0.0,0.0,0.0,0.0,0.0,0.0,0.0,0.0,0.0,0.0,1024,0.0,0.0,0.0,0.0,0.0,3072.0,0.0,0.0,0.0,0.0,0.0,0.0,0.0,0.0,0.0,0.0,0.0,0.0,0.0,0.0,0.0,1024.0,0.0,2048,0.0,0.0,13312,0.0,0.0,0.0,0.0,0.0,19937,0.0,0.0,0.0,0.0,0.0,0.0,0.0,0.0,0.0,0.0,0.0,0.0,0.0,1036,0.0,0.0,0.0,0.0,0.0,2908.0,0.0,0.0,0.0,0.0,0.0,0.0,0.0,0.0,0.0,0.0,0.0,0.0,0.0,0.0,0.0,948.0,0.0,1920,0.0,0.0,13125,0.0,0.0,0.0,0.0,0.0,13312,36864,7680,0,1,21504,4096,13125,1036
83656,1377139685,1016,0,460,500,2072,56,0,83656,25036,good,6,3,0,0,0,91,24,16,5,258,0,0,1,1,11,0,0,0.0,0.0,0.0,0.0,0.0,0.0,0.0,0.0,0.0,0.0,0.0,0.0,0.0,0.374840498821,0.0,0.0,0.0,0.0,0.0,4.5874727762,0.0,0.0,0.0,0.0,0.0,0.0,0.0,0.0,0.0,0.0,0.0,0.0,0.0,0.0,0.0,6.57797306551,0.0,3.7598684086,0.0,0.0,5.83281443004,0.0,0.0,0.0,0.0,0.0,21504,0.0,0.0,0.0,0.0,0.0,0.0,0.0,0.0,0.0,0.0,0.0,0.0,0.0,13824,0.0,0.0,0.0,0.0,0.0,14336.0,0.0,0.0,0.0,0.0,0.0,0.0,0.0,0.0,0.0,0.0,0.0,0.0,0.0,0.0,0.0,21504.0,0.0,18944,0.0,0.0,1024,0.0,0.0,0.0,0.0,0.0,0.0,0.0,0.0,0.0,0.0,0.0,0.0,0.0,0.0,0.0,0.0,0.0,0.0,512,0.0,0.0,0.0,0.0,0.0,4608.0,0.0,0.0,0.0,0.0,0.0,0.0,0.0,0.0,0.0,0.0,0.0,0.0,0.0,0.0,0.0,1024.0,0.0,2560,0.0,0.0,12800,0.0,0.0,0.0,0.0,0.0,20700,0.0,0.0,0.0,0.0,0.0,0.0,0.0,0.0,0.0,0.0,0.0,0.0,0.0,1052,0.0,0.0,0.0,0.0,0.0,4232.0,0.0,0.0,0.0,0.0,0.0,0.0,0.0,0.0,0.0,0.0,0.0,0.0,0.0,0.0,0.0,1016.0,0.0,2072,0.0,0.0,12328,0.0,0.0,0.0,0.0,0.0,12800,40960,9728,0,1,31552,4096,12328,1052
76725,1366168427,1840,0,464,140,1328,28,0,76725,34296,good,0,0,0,0,0,110,6,16,5,258,0,0,1,1,8,0,0,0.0,0.0,0.0,0.0,0.0,0.0,0.0,0.0,0.0,0.0,0.0,0.0,0.0,0.488187699859,0.0,0.0,0.0,0.0,0.0,0.0,0.0,0.0,0.0,0.0,0.0,0.0,0.0,0.0,0.0,0.0,0.0,0.0,0.0,0.0,4.55398819995,3.86876040327,0.0,4.15183219757,0.0,0.0,5.57846027469,0.0,0.0,0.0,0.0,0.0,49152,0.0,0.0,0.0,0.0,0.0,0.0,0.0,0.0,0.0,0.0,0.0,0.0,0.0,40960,0.0,0.0,0.0,0.0,0.0,0.0,0.0,0.0,0.0,0.0,0.0,0.0,0.0,0.0,0.0,0.0,0.0,0.0,0.0,0.0,24576.0,49152.0,0.0,45056,0.0,0.0,4096,0.0,0.0,0.0,0.0,0.0,0.0,0.0,0.0,0.0,0.0,0.0,0.0,0.0,0.0,0.0,0.0,0.0,0.0,4096,0.0,0.0,0.0,0.0,0.0,0.0,0.0,0.0,0.0,0.0,0.0,0.0,0.0,0.0,0.0,0.0,0.0,0.0,0.0,0.0,16384.0,4096.0,0.0,4096,0.0,0.0,20480,0.0,0.0,0.0,0.0,0.0,34799,0.0,0.0,0.0,0.0,0.0,0.0,0.0,0.0,0.0,0.0,0.0,0.0,0.0,1212,0.0,0.0,0.0,0.0,0.0,0.0,0.0,0.0,0.0,0.0,0.0,0.0,0.0,0.0,0.0,0.0,0.0,0.0,0.0,0.0,13470.0,2218.0,0.0,1328,0.0,0.0,16571,0.0,0.0,0.0,0.0,0.0,20480,53248,28672,0,1,59720,4096,16571,13470
113464,1381770162,1564,91,432,180,1696,56,91,113464,37120,good,0,0,0,0,1,100,8,16,5,290,0,0,1,1,11,0,0,0.0,0.0,0.0,0.0,0.0,0.0,0.0,0.0,0.0,0.0,0.0,0.0,0.0,2.61139700801,0.0,0.0,0.0,0.0,0.0,0.0,0.0,0.0,0.0,0.0,0.0,0.0,0.0,0.0,0.0,0.0,0.0,0.0,0.0,0.0,4.63864455584,4.19905433972,0.0,3.86052399921,0.0,0.0,6.30332379017,0.0,0.0,0.0,0.0,0.0,39424,0.0,0.0,0.0,0.0,0.0,0.0,0.0,0.0,0.0,0.0,0.0,0.0,0.0,34816,0.0,0.0,0.0,0.0,0.0,0.0,0.0,0.0,0.0,0.0,0.0,0.0,0.0,0.0,0.0,0.0,0.0,0.0,0.0,0.0,27648.0,37376.0,0.0,35328,0.0,0.0,1024,0.0,0.0,0.0,0.0,0.0,0.0,0.0,0.0,0.0,0.0,0.0,0.0,0.0,0.0,0.0,0.0,0.0,0.0,512,0.0,0.0,0.0,0.0,0.0,0.0,0.0,0.0,0.0,0.0,0.0,0.0,0.0,0.0,0.0,0.0,0.0,0.0,0.0,0.0,7168.0,3072.0,0.0,2048,0.0,0.0,26624,0.0,0.0,0.0,0.0,0.0,38626,0.0,0.0,0.0,0.0,0.0,0.0,0.0,0.0,0.0,0.0,0.0,0.0,0.0,1152,0.0,0.0,0.0,0.0,0.0,0.0,0.0,0.0,0.0,0.0,0.0,0.0,0.0,0.0,0.0,0.0,0.0,0.0,0.0,0.0,6907.0,2700.0,0.0,1696,0.0,0.0,26171,0.0,0.0,0.0,0.0,0.0,26624,53248,13824,0,1,50344,4096,26171,6907
78934,1383741556,1564,91,432,180,1696,56,91,78934,37120,good,0,0,0,0,1,100,8,16,5,290,0,0,1,1,11,0,0,0.0,0.0,0.0,0.0,0.0,0.0,0.0,0.0,0.0,0.0,0.0,0.0,0.0,2.61139700801,0.0,0.0,0.0,0.0,0.0,0.0,0.0,0.0,0.0,0.0,0.0,0.0,0.0,0.0,0.0,0.0,0.0,0.0,0.0,0.0,4.63642455807,4.19905433972,0.0,3.8602641999,0.0,0.0,6.30332379017,0.0,0.0,0.0,0.0,0.0,39424,0.0,0.0,0.0,0.0,0.0,0.0,0.0,0.0,0.0,0.0,0.0,0.0,0.0,34816,0.0,0.0,0.0,0.0,0.0,0.0,0.0,0.0,0.0,0.0,0.0,0.0,0.0,0.0,0.0,0.0,0.0,0.0,0.0,0.0,27648.0,37376.0,0.0,35328,0.0,0.0,1024,0.0,0.0,0.0,0.0,0.0,0.0,0.0,0.0,0.0,0.0,0.0,0.0,0.0,0.0,0.0,0.0,0.0,0.0,512,0.0,0.0,0.0,0.0,0.0,0.0,0.0,0.0,0.0,0.0,0.0,0.0,0.0,0.0,0.0,0.0,0.0,0.0,0.0,0.0,7168.0,3072.0,0.0,2048,0.0,0.0,26624,0.0,0.0,0.0,0.0,0.0,38626,0.0,0.0,0.0,0.0,0.0,0.0,0.0,0.0,0.0,0.0,0.0,0.0,0.0,1152,0.0,0.0,0.0,0.0,0.0,0.0,0.0,0.0,0.0,0.0,0.0,0.0,0.0,0.0,0.0,0.0,0.0,0.0,0.0,0.0,6907.0,2700.0,0.0,1696,0.0,0.0,26171,0.0,0.0,0.0,0.0,0.0,26624,53248,13824,0,1,50344,4096,26171,6907
68329,1380071003,468,107,856,320,1800,56,107,68329,27244,good,6,1,0,0,2,92,15,16,6,34,0,0,1,0,9,0,0,0.0,0.0,0.0,0.0,0.0,0.0,0.0,0.0,0.0,0.0,0.0,0.0,0.0,0.543204072301,0.0,0.0,0.0,0.0,0.0,0.0,0.0,0.0,0.0,0.0,0.0,0.0,0.0,0.0,0.0,0.0,0.0,3.64432038187,0.0,0.0,4.06836574613,5.14886555391,0.0,4.10806691559,0.0,0.0,5.82128120228,0.0,0.0,0.0,0.0,0.0,29696,0.0,0.0,0.0,0.0,0.0,0.0,0.0,0.0,0.0,0.0,0.0,0.0,0.0,26624,0.0,0.0,0.0,0.0,0.0,0.0,0.0,0.0,0.0,0.0,0.0,0.0,0.0,0.0,0.0,0.0,0.0,27136.0,0.0,0.0,11264.0,30208.0,0.0,28160,0.0,0.0,1024,0.0,0.0,0.0,0.0,0.0,0.0,0.0,0.0,0.0,0.0,0.0,0.0,0.0,0.0,0.0,0.0,0.0,0.0,512,0.0,0.0,0.0,0.0,0.0,0.0,0.0,0.0,0.0,0.0,0.0,0.0,0.0,0.0,0.0,0.0,0.0,1024.0,0.0,0.0,15360.0,512.0,0.0,2048,0.0,0.0,10240,0.0,0.0,0.0,0.0,0.0,30098,0.0,0.0,0.0,0.0,0.0,0.0,0.0,0.0,0.0,0.0,0.0,0.0,0.0,1952,0.0,0.0,0.0,0.0,0.0,0.0,0.0,0.0,0.0,0.0,0.0,0.0,0.0,0.0,0.0,0.0,0.0,996.0,0.0,0.0,14964.0,468.0,0.0,1800,0.0,0.0,9918,0.0,0.0,0.0,0.0,0.0,10240,49152,20992,0,1,30720,4096,9918,14964
69861,1345759612,1100,0,300,60,800,28,0,69861,34384,good,6,1,0,0,0,73,2,16,6,258,0,1,0,1,9,0,1,0.0,0.0,0.0,0.0,0.0,0.0,0.0,0.0,0.0,0.0,0.0,0.0,0.0,4.90109067428,0.0,0.0,0.0,0.0,0.0,0.0,0.0,5.47560250963,0.0,0.0,0.0,0.0,0.0,0.0,0.0,0.0,0.0,0.0,0.0,0.0,3.76233703119,5.01689364716,0.0,2.98154559485,0.0,0.0,6.45044154289,0.0,0.0,0.0,0.0,0.0,37504,0.0,0.0,0.0,0.0,0.0,0.0,0.0,0.0,0.0,0.0,0.0,0.0,0.0,25344,0.0,0.0,0.0,0.0,0.0,0.0,0.0,34304.0,0.0,0.0,0.0,0.0,0.0,0.0,0.0,0.0,0.0,0.0,0.0,0.0,23552.0,36992.0,0.0,36096,0.0,0.0,1152,0.0,0.0,0.0,0.0,0.0,0.0,0.0,0.0,0.0,0.0,0.0,0.0,0.0,0.0,0.0,0.0,0.0,0.0,8960,0.0,0.0,0.0,0.0,0.0,0.0,0.0,1792.0,0.0,0.0,0.0,0.0,0.0,0.0,0.0,0.0,0.0,0.0,0.0,0.0,1792.0,1664.0,0.0,896,0.0,0.0,22400,0.0,0.0,0.0,0.0,0.0,36944,0.0,0.0,0.0,0.0,0.0,0.0,0.0,0.0,0.0,0.0,0.0,0.0,0.0,8836,0.0,0.0,0.0,0.0,0.0,0.0,0.0,1782.0,0.0,0.0,0.0,0.0,0.0,0.0,0.0,0.0,0.0,0.0,0.0,0.0,1700.0,1544.0,0.0,800,0.0,0.0,22282,0.0,0.0,0.0,0.0,0.0,24192,38656,13312,0,0,46392,1152,22282,1700
85414,1376341448,32,0,128,60,2224,28,0,85414,16512,good,6,3,0,0,0,14,2,16,6,34,0,0,1,0,11,0,0,0.0,0.0,0.0,0.0,0.0,0.0,0.0,0.0,0.0,0.0,0.0,0.0,0.0,0.378703493488,0.0,0.0,0.0,0.0,0.0,2.86991821857,0.0,0.0,0.0,0.0,0.0,0.0,0.0,0.0,0.0,0.0,0.0,0.337405664248,0.0,0.0,0.0,0.332025024595,0.0,4.34381759628,0.0,0.0,4.66895179506,0.0,0.0,0.0,0.0,0.0,6144,0.0,0.0,0.0,0.0,0.0,0.0,0.0,0.0,0.0,0.0,0.0,0.0,0.0,2048,0.0,0.0,0.0,0.0,0.0,3072.0,0.0,0.0,0.0,0.0,0.0,0.0,0.0,0.0,0.0,0.0,0.0,2560.0,0.0,0.0,0.0,6656.0,0.0,4096,0.0,0.0,1024,0.0,0.0,0.0,0.0,0.0,0.0,0.0,0.0,0.0,0.0,0.0,0.0,0.0,0.0,0.0,0.0,0.0,0.0,512,0.0,0.0,0.0,0.0,0.0,1024.0,0.0,0.0,0.0,0.0,0.0,0.0,0.0,0.0,0.0,0.0,0.0,512.0,0.0,0.0,0.0,512.0,0.0,2560,0.0,0.0,1024,0.0,0.0,0.0,0.0,0.0,5714,0.0,0.0,0.0,0.0,0.0,0.0,0.0,0.0,0.0,0.0,0.0,0.0,0.0,1688,0.0,0.0,0.0,0.0,0.0,652.0,0.0,0.0,0.0,0.0,0.0,0.0,0.0,0.0,0.0,0.0,0.0,36.0,0.0,0.0,0.0,90.0,0.0,2224,0.0,0.0,1024,0.0,0.0,0.0,0.0,0.0,1024,28672,6656,0,1,23808,4096,1024,1688
94071,1322160635,1196,0,504,160,44904,28,0,94071,28092,good,6,1,0,0,0,119,7,16,4,258,0,0,1,1,9,0,0,0.0,0.0,0.0,0.0,0.0,0.0,0.0,0.0,0.0,0.0,0.0,0.0,0.0,5.39787784829,0.0,0.0,0.0,0.0,0.0,0.0,0.0,0.0,0.0,0.0,0.0,0.0,0.0,0.0,0.0,0.0,0.0,0.0,0.0,0.0,0.0,3.94558373017,0.0,3.44549805715,0.0,0.0,6.29220271255,0.0,0.0,0.0,0.0,0.0,76800,0.0,0.0,0.0,0.0,0.0,0.0,0.0,0.0,0.0,0.0,0.0,0.0,0.0,28672,0.0,0.0,0.0,0.0,0.0,0.0,0.0,0.0,0.0,0.0,0.0,0.0,0.0,0.0,0.0,0.0,0.0,0.0,0.0,0.0,0.0,75264.0,0.0,30208,0.0,0.0,1024,0.0,0.0,0.0,0.0,0.0,0.0,0.0,0.0,0.0,0.0,0.0,0.0,0.0,0.0,0.0,0.0,0.0,0.0,1536,0.0,0.0,0.0,0.0,0.0,0.0,0.0,0.0,0.0,0.0,0.0,0.0,0.0,0.0,0.0,0.0,0.0,0.0,0.0,0.0,0.0,2560.0,0.0,45056,0.0,0.0,27648,0.0,0.0,0.0,0.0,0.0,76432,0.0,0.0,0.0,0.0,0.0,0.0,0.0,0.0,0.0,0.0,0.0,0.0,0.0,2100,0.0,0.0,0.0,0.0,0.0,0.0,0.0,0.0,0.0,0.0,0.0,0.0,0.0,0.0,0.0,0.0,0.0,0.0,0.0,0.0,0.0,2180.0,0.0,44904,0.0,0.0,27248,0.0,0.0,0.0,0.0,0.0,27648,86016,50176,0,1,84368,4096,27248,2100
109377,1366168427,1840,0,464,140,1420,28,0,109377,34296,good,0,0,0,0,0,110,6,16,5,258,0,0,1,1,8,0,0,0.0,0.0,0.0,0.0,0.0,0.0,0.0,0.0,0.0,0.0,0.0,0.0,0.0,0.488187699859,0.0,0.0,0.0,0.0,0.0,0.0,0.0,0.0,0.0,0.0,0.0,0.0,0.0,0.0,0.0,0.0,0.0,0.0,0.0,0.0,4.55398819995,3.86876040327,0.0,4.20392898527,0.0,0.0,5.57846027469,0.0,0.0,0.0,0.0,0.0,49152,0.0,0.0,0.0,0.0,0.0,0.0,0.0,0.0,0.0,0.0,0.0,0.0,0.0,40960,0.0,0.0,0.0,0.0,0.0,0.0,0.0,0.0,0.0,0.0,0.0,0.0,0.0,0.0,0.0,0.0,0.0,0.0,0.0,0.0,24576.0,49152.0,0.0,45056,0.0,0.0,4096,0.0,0.0,0.0,0.0,0.0,0.0,0.0,0.0,0.0,0.0,0.0,0.0,0.0,0.0,0.0,0.0,0.0,0.0,4096,0.0,0.0,0.0,0.0,0.0,0.0,0.0,0.0,0.0,0.0,0.0,0.0,0.0,0.0,0.0,0.0,0.0,0.0,0.0,0.0,16384.0,4096.0,0.0,4096,0.0,0.0,20480,0.0,0.0,0.0,0.0,0.0,34891,0.0,0.0,0.0,0.0,0.0,0.0,0.0,0.0,0.0,0.0,0.0,0.0,0.0,1212,0.0,0.0,0.0,0.0,0.0,0.0,0.0,0.0,0.0,0.0,0.0,0.0,0.0,0.0,0.0,0.0,0.0,0.0,0.0,0.0,13470.0,2218.0,0.0,1420,0.0,0.0,16571,0.0,0.0,0.0,0.0,0.0,20480,53248,28672,0,1,59720,4096,16571,13470
0,1384581469,0,0,0,0,9168,28,0,136359,0,good,0,0,0,0,0,0,0,16,2,34,0,0,1,0,11,0,1,0.0,0.0,0.0,0.0,0.0,0.0,0.0,0.0,0.0,0.0,0.0,0.0,0.0,0.0,0.0,0.0,0.0,0.0,0.0,0.0,0.0,0.0,0.0,0.0,0.0,0.0,0.0,0.0,0.0,0.0,0.0,0.0,0.0,0.0,0.0,0.0,0.0,5.87216646649,0.0,0.0,6.59222383091,0.0,0.0,0.0,0.0,0.0,95744,0.0,0.0,0.0,0.0,0.0,0.0,0.0,0.0,0.0,0.0,0.0,0.0,0.0,0,0.0,0.0,0.0,0.0,0.0,0.0,0.0,0.0,0.0,0.0,0.0,0.0,0.0,0.0,0.0,0.0,0.0,0.0,0.0,0.0,0.0,0.0,0.0,87040,0.0,0.0,512,0.0,0.0,0.0,0.0,0.0,0.0,0.0,0.0,0.0,0.0,0.0,0.0,0.0,0.0,0.0,0.0,0.0,0.0,0,0.0,0.0,0.0,0.0,0.0,0.0,0.0,0.0,0.0,0.0,0.0,0.0,0.0,0.0,0.0,0.0,0.0,0.0,0.0,0.0,0.0,0.0,0.0,9216,0.0,0.0,86528,0.0,0.0,0.0,0.0,0.0,95564,0.0,0.0,0.0,0.0,0.0,0.0,0.0,0.0,0.0,0.0,0.0,0.0,0.0,0,0.0,0.0,0.0,0.0,0.0,0.0,0.0,0.0,0.0,0.0,0.0,0.0,0.0,0.0,0.0,0.0,0.0,0.0,0.0,0.0,0.0,0.0,0.0,9168,0.0,0.0,86396,0.0,0.0,0.0,0.0,0.0,86528,114688,9216,0,1,96256,8192,86396,9168
61882,1345759612,1100,0,300,60,800,28,0,61882,34384,good,6,1,0,0,0,73,2,16,6,258,0,1,0,1,9,0,1,0.0,0.0,0.0,0.0,0.0,0.0,0.0,0.0,0.0,0.0,0.0,0.0,0.0,4.90109067428,0.0,0.0,0.0,0.0,0.0,0.0,0.0,5.47560250963,0.0,0.0,0.0,0.0,0.0,0.0,0.0,0.0,0.0,0.0,0.0,0.0,3.76233703119,5.01689364716,0.0,2.98154559485,0.0,0.0,6.45044154289,0.0,0.0,0.0,0.0,0.0,37504,0.0,0.0,0.0,0.0,0.0,0.0,0.0,0.0,0.0,0.0,0.0,0.0,0.0,25344,0.0,0.0,0.0,0.0,0.0,0.0,0.0,34304.0,0.0,0.0,0.0,0.0,0.0,0.0,0.0,0.0,0.0,0.0,0.0,0.0,23552.0,36992.0,0.0,36096,0.0,0.0,1152,0.0,0.0,0.0,0.0,0.0,0.0,0.0,0.0,0.0,0.0,0.0,0.0,0.0,0.0,0.0,0.0,0.0,0.0,8960,0.0,0.0,0.0,0.0,0.0,0.0,0.0,1792.0,0.0,0.0,0.0,0.0,0.0,0.0,0.0,0.0,0.0,0.0,0.0,0.0,1792.0,1664.0,0.0,896,0.0,0.0,22400,0.0,0.0,0.0,0.0,0.0,36944,0.0,0.0,0.0,0.0,0.0,0.0,0.0,0.0,0.0,0.0,0.0,0.0,0.0,8836,0.0,0.0,0.0,0.0,0.0,0.0,0.0,1782.0,0.0,0.0,0.0,0.0,0.0,0.0,0.0,0.0,0.0,0.0,0.0,0.0,1700.0,1544.0,0.0,800,0.0,0.0,22282,0.0,0.0,0.0,0.0,0.0,24192,38656,13312,0,0,46392,1152,22282,1700
0,1383532937,12,0,8,87,33760,28,0,96136,58852,good,0,0,0,0,0,1,1,16,4,258,0,0,1,1,11,0,0,0.0,0.0,0.0,0.0,0.0,0.0,0.0,0.0,0.0,0.0,0.0,0.0,0.0,0.0,0.0,0.0,0.0,0.0,0.0,0.0,0.0,0.0,0.0,0.0,0.0,0.0,0.0,0.0,0.0,0.0,0.0,0.0,0.0,0.0,0.0,0.0815394123432,0.0,5.01004182284,2.19215722399,0.0,5.71589742344,0.0,0.0,0.0,0.0,0.0,86016,0.0,0.0,0.0,0.0,0.0,0.0,0.0,0.0,0.0,0.0,0.0,0.0,0.0,0,0.0,0.0,0.0,0.0,0.0,0.0,0.0,0.0,0.0,0.0,0.0,0.0,0.0,0.0,0.0,0.0,0.0,0.0,0.0,0.0,0.0,86528.0,0.0,52736,52224.0,0.0,1024,0.0,0.0,0.0,0.0,0.0,0.0,0.0,0.0,0.0,0.0,0.0,0.0,0.0,0.0,0.0,0.0,0.0,0.0,0,0.0,0.0,0.0,0.0,0.0,0.0,0.0,0.0,0.0,0.0,0.0,0.0,0.0,0.0,0.0,0.0,0.0,0.0,0.0,0.0,0.0,512.0,0.0,33792,512.0,0.0,51200,0.0,0.0,0.0,0.0,0.0,84840,0.0,0.0,0.0,0.0,0.0,0.0,0.0,0.0,0.0,0.0,0.0,0.0,0.0,0,0.0,0.0,0.0,0.0,0.0,0.0,0.0,0.0,0.0,0.0,0.0,0.0,0.0,0.0,0.0,0.0,0.0,0.0,0.0,0.0,0.0,12.0,0.0,33760,312.0,0.0,50756,0.0,0.0,0.0,0.0,0.0,51200,122880,34816,0,0,87040,8192,50756,312
48429,1383102942,652,0,300,80,852,28,0,48429,24576,good,5,1,0,0,0,72,3,16,6,258,0,1,0,1,9,0,1,0.0,0.0,0.0,0.0,0.0,0.0,0.0,0.0,0.0,0.0,0.0,0.0,0.0,0.773727927176,0.0,0.0,0.0,0.0,0.0,0.0,0.0,4.4738452932,0.0,0.0,0.0,0.0,0.0,0.0,0.0,0.0,0.0,0.0,0.0,0.0,3.91958375805,4.82253926971,0.0,3.84850990499,0.0,0.0,6.19409027574,0.0,0.0,0.0,0.0,0.0,18432,0.0,0.0,0.0,0.0,0.0,0.0,0.0,0.0,0.0,0.0,0.0,0.0,0.0,14336,0.0,0.0,0.0,0.0,0.0,0.0,0.0,14848.0,0.0,0.0,0.0,0.0,0.0,0.0,0.0,0.0,0.0,0.0,0.0,0.0,12800.0,18432.0,0.0,17408,0.0,0.0,1024,0.0,0.0,0.0,0.0,0.0,0.0,0.0,0.0,0.0,0.0,0.0,0.0,0.0,0.0,0.0,0.0,0.0,0.0,512,0.0,0.0,0.0,0.0,0.0,0.0,0.0,2560.0,0.0,0.0,0.0,0.0,0.0,0.0,0.0,0.0,0.0,0.0,0.0,0.0,1536.0,1024.0,0.0,1024,0.0,0.0,11776,0.0,0.0,0.0,0.0,0.0,17263,0.0,0.0,0.0,0.0,0.0,0.0,0.0,0.0,0.0,0.0,0.0,0.0,0.0,489,0.0,0.0,0.0,0.0,0.0,0.0,0.0,2070.0,0.0,0.0,0.0,0.0,0.0,0.0,0.0,0.0,0.0,0.0,0.0,0.0,1380.0,878.0,0.0,852,0.0,0.0,11594,0.0,0.0,0.0,0.0,0.0,14336,36864,4096,0,0,28480,4096,11594,1380
143377,1383102936,1520,0,312,60,856,28,0,143377,73788,good,5,1,0,0,0,76,2,16,7,258,0,1,0,1,9,0,1,0.0,0.0,0.0,0.0,0.0,0.0,0.0,0.0,0.0,0.0,0.0,0.0,0.0,2.1282941149,0.0,0.0,0.0,0.0,0.0,0.0,0.0,5.94896721835,0.0,0.0,0.0,0.0,0.0,0.0,0.0,4.34768175984,0.0,0.0,0.0,0.0,4.20508065654,6.36329351172,0.0,3.44497610667,0.0,0.0,5.24801719266,0.0,0.0,0.0,0.0,0.0,77504,0.0,0.0,0.0,0.0,0.0,0.0,0.0,0.0,0.0,0.0,0.0,0.0,0.0,53312,0.0,0.0,0.0,0.0,0.0,0.0,0.0,73248.0,0.0,0.0,0.0,0.0,0.0,0.0,0.0,73088.0,0.0,0.0,0.0,0.0,52768.0,76704.0,0.0,75840,0.0,0.0,768,0.0,0.0,0.0,0.0,0.0,0.0,0.0,0.0,0.0,0.0,0.0,0.0,0.0,0.0,0.0,0.0,0.0,0.0,19776,0.0,0.0,0.0,0.0,0.0,0.0,0.0,2592.0,0.0,0.0,0.0,0.0,0.0,0.0,0.0,160.0,0.0,0.0,0.0,0.0,544.0,1568.0,0.0,864,0.0,0.0,52000,0.0,0.0,0.0,0.0,0.0,77429,0.0,0.0,0.0,0.0,0.0,0.0,0.0,0.0,0.0,0.0,0.0,0.0,0.0,19766,0.0,0.0,0.0,0.0,0.0,0.0,0.0,2574.0,0.0,0.0,0.0,0.0,0.0,0.0,0.0,157.0,0.0,0.0,0.0,0.0,532.0,1566.0,0.0,856,0.0,0.0,51978,0.0,0.0,0.0,0.0,0.0,54752,78272,22752,0,0,87296,768,51978,532
39746,1382573487,20,0,128,60,2224,28,0,39746,16512,good,6,3,0,0,0,14,2,16,6,34,0,0,1,0,11,0,0,0.0,0.0,0.0,0.0,0.0,0.0,0.0,0.0,0.0,0.0,0.0,0.0,0.0,0.281091870762,0.0,0.0,0.0,0.0,0.0,2.87392199344,0.0,0.0,0.0,0.0,0.0,0.0,0.0,0.0,0.0,0.0,0.0,0.337405664248,0.0,0.0,0.0,0.201344328388,0.0,4.34070530916,0.0,0.0,4.50585981467,0.0,0.0,0.0,0.0,0.0,6144,0.0,0.0,0.0,0.0,0.0,0.0,0.0,0.0,0.0,0.0,0.0,0.0,0.0,2048,0.0,0.0,0.0,0.0,0.0,3072.0,0.0,0.0,0.0,0.0,0.0,0.0,0.0,0.0,0.0,0.0,0.0,2560.0,0.0,0.0,0.0,6656.0,0.0,4096,0.0,0.0,1024,0.0,0.0,0.0,0.0,0.0,0.0,0.0,0.0,0.0,0.0,0.0,0.0,0.0,0.0,0.0,0.0,0.0,0.0,512,0.0,0.0,0.0,0.0,0.0,1024.0,0.0,0.0,0.0,0.0,0.0,0.0,0.0,0.0,0.0,0.0,0.0,512.0,0.0,0.0,0.0,512.0,0.0,2560,0.0,0.0,1024,0.0,0.0,0.0,0.0,0.0,5400,0.0,0.0,0.0,0.0,0.0,0.0,0.0,0.0,0.0,0.0,0.0,0.0,0.0,1408,0.0,0.0,0.0,0.0,0.0,652.0,0.0,0.0,0.0,0.0,0.0,0.0,0.0,0.0,0.0,0.0,0.0,36.0,0.0,0.0,0.0,88.0,0.0,2224,0.0,0.0,992,0.0,0.0,0.0,0.0,0.0,1024,28672,6144,0,1,23808,4096,992,1408
0,1383034311,3036,0,372,80,0,28,0,83550,72260,good,0,0,0,0,0,90,3,16,4,258,0,0,1,1,9,0,0,0.0,0.0,0.0,0.0,0.0,0.0,0.0,0.0,0.0,0.0,0.0,0.0,0.0,3.11204084734,0.0,0.0,0.0,0.0,0.0,0.0,0.0,0.0,0.0,0.0,0.0,0.0,0.0,0.0,0.0,0.0,0.0,0.0,0.0,0.0,4.73033616459,4.75701628528,0.0,0.0,0.0,0.0,6.57417620245,0.0,0.0,0.0,0.0,0.0,77824,0.0,0.0,0.0,0.0,0.0,0.0,0.0,0.0,0.0,0.0,0.0,0.0,0.0,68608,0.0,0.0,0.0,0.0,0.0,0.0,0.0,0.0,0.0,0.0,0.0,0.0,0.0,0.0,0.0,0.0,0.0,0.0,0.0,0.0,51200.0,73728.0,0.0,0,0.0,0.0,1024,0.0,0.0,0.0,0.0,0.0,0.0,0.0,0.0,0.0,0.0,0.0,0.0,0.0,0.0,0.0,0.0,0.0,0.0,5120,0.0,0.0,0.0,0.0,0.0,0.0,0.0,0.0,0.0,0.0,0.0,0.0,0.0,0.0,0.0,0.0,0.0,0.0,0.0,0.0,17408.0,5120.0,0.0,0,0.0,0.0,50176,0.0,0.0,0.0,0.0,0.0,84258,0.0,0.0,0.0,0.0,0.0,0.0,0.0,0.0,0.0,0.0,0.0,0.0,0.0,12488,0.0,0.0,0.0,0.0,0.0,0.0,0.0,0.0,0.0,0.0,0.0,0.0,0.0,0.0,0.0,0.0,0.0,0.0,0.0,0.0,17078.0,4748.0,0.0,0,0.0,0.0,49944,0.0,0.0,0.0,0.0,0.0,50176,102400,35328,0,1,78848,4096,49944,17078
74893,1386148029,2024,0,376,80,436,28,0,74893,52916,good,0,0,0,0,0,91,3,16,5,258,0,0,1,1,10,0,0,0.0,0.0,0.0,0.0,0.0,0.0,0.0,0.0,0.0,0.0,0.0,0.0,0.0,2.27449575722,0.0,0.0,0.0,0.0,0.0,0.0,0.0,0.0,0.0,0.0,0.0,0.0,0.0,0.0,0.0,0.0,0.0,0.0,0.0,0.0,4.85882540008,4.56211275583,0.0,5.10500609928,0.0,0.0,6.51137881734,0.0,0.0,0.0,0.0,0.0,56832,0.0,0.0,0.0,0.0,0.0,0.0,0.0,0.0,0.0,0.0,0.0,0.0,0.0,50176,0.0,0.0,0.0,0.0,0.0,0.0,0.0,0.0,0.0,0.0,0.0,0.0,0.0,0.0,0.0,0.0,0.0,0.0,0.0,0.0,39936.0,54272.0,0.0,53760,0.0,0.0,1024,0.0,0.0,0.0,0.0,0.0,0.0,0.0,0.0,0.0,0.0,0.0,0.0,0.0,0.0,0.0,0.0,0.0,0.0,3584,0.0,0.0,0.0,0.0,0.0,0.0,0.0,0.0,0.0,0.0,0.0,0.0,0.0,0.0,0.0,0.0,0.0,0.0,0.0,0.0,10240.0,3584.0,0.0,512,0.0,0.0,38912,0.0,0.0,0.0,0.0,0.0,64223,0.0,0.0,0.0,0.0,0.0,0.0,0.0,0.0,0.0,0.0,0.0,0.0,0.0,11428,0.0,0.0,0.0,0.0,0.0,0.0,0.0,0.0,0.0,0.0,0.0,0.0,0.0,0.0,0.0,0.0,0.0,0.0,0.0,0.0,10052.0,3406.0,0.0,436,0.0,0.0,38901,0.0,0.0,0.0,0.0,0.0,38912,77824,17920,0,1,64200,4096,38901,10052
138015,1387808698,632,0,1000,140,1372,0,0,138015,79516,good,0,0,0,0,0,119,6,16,6,2,0,0,1,0,10,0,0,0.0,0.0,0.0,0.0,0.0,0.0,0.0,0.0,0.0,0.0,0.0,0.0,0.0,1.9984502944,0.0,0.0,0.0,0.0,0.0,0.0,0.0,0.0,0.0,0.0,0.0,0.0,0.0,0.0,0.0,0.0,0.0,4.57496893129,0.0,0.0,4.76199297613,2.33817596656,0.0,4.42773057182,0.0,0.0,6.35687148503,0.0,0.0,0.0,0.0,0.0,89600,0.0,0.0,0.0,0.0,0.0,0.0,0.0,0.0,0.0,0.0,0.0,0.0,0.0,78336,0.0,0.0,0.0,0.0,0.0,0.0,0.0,0.0,0.0,0.0,0.0,0.0,0.0,0.0,0.0,0.0,0.0,83456.0,0.0,0.0,56320.0,88576.0,0.0,87040,0.0,0.0,1024,0.0,0.0,0.0,0.0,0.0,0.0,0.0,0.0,0.0,0.0,0.0,0.0,0.0,0.0,0.0,0.0,0.0,0.0,5120,0.0,0.0,0.0,0.0,0.0,0.0,0.0,0.0,0.0,0.0,0.0,0.0,0.0,0.0,0.0,0.0,0.0,3584.0,0.0,0.0,22016.0,2048.0,0.0,1536,0.0,0.0,55296,0.0,0.0,0.0,0.0,0.0,443452,0.0,0.0,0.0,0.0,0.0,0.0,0.0,0.0,0.0,0.0,0.0,0.0,0.0,360408,0.0,0.0,0.0,0.0,0.0,0.0,0.0,0.0,0.0,0.0,0.0,0.0,0.0,0.0,0.0,0.0,0.0,3240.0,0.0,0.0,21518.0,1948.0,0.0,1372,0.0,0.0,54966,0.0,0.0,0.0,0.0,0.0,55296,458752,34304,0,1,96968,4096,54966,21518
56010,1380070160,872,107,428,340,1800,56,107,56010,17520,good,6,1,0,0,2,91,16,16,4,290,0,0,1,1,9,0,0,0.0,0.0,0.0,0.0,0.0,0.0,0.0,0.0,0.0,0.0,0.0,0.0,0.0,0.252642519857,0.0,0.0,0.0,0.0,0.0,0.0,0.0,0.0,0.0,0.0,0.0,0.0,0.0,0.0,0.0,0.0,0.0,0.0,0.0,0.0,0.0,6.00829171948,0.0,4.0986837347,0.0,0.0,6.13092976162,0.0,0.0,0.0,0.0,0.0,20992,0.0,0.0,0.0,0.0,0.0,0.0,0.0,0.0,0.0,0.0,0.0,0.0,0.0,17920,0.0,0.0,0.0,0.0,0.0,0.0,0.0,0.0,0.0,0.0,0.0,0.0,0.0,0.0,0.0,0.0,0.0,0.0,0.0,0.0,0.0,20992.0,0.0,18944,0.0,0.0,1024,0.0,0.0,0.0,0.0,0.0,0.0,0.0,0.0,0.0,0.0,0.0,0.0,0.0,0.0,0.0,0.0,0.0,0.0,1024,0.0,0.0,0.0,0.0,0.0,0.0,0.0,0.0,0.0,0.0,0.0,0.0,0.0,0.0,0.0,0.0,0.0,0.0,0.0,0.0,0.0,1024.0,0.0,2048,0.0,0.0,16896,0.0,0.0,0.0,0.0,0.0,20242,0.0,0.0,0.0,0.0,0.0,0.0,0.0,0.0,0.0,0.0,0.0,0.0,0.0,972,0.0,0.0,0.0,0.0,0.0,0.0,0.0,0.0,0.0,0.0,0.0,0.0,0.0,0.0,0.0,0.0,0.0,0.0,0.0,0.0,0.0,872.0,0.0,1800,0.0,0.0,16598,0.0,0.0,0.0,0.0,0.0,16896,36864,4096,0,1,22016,4096,16598,972
30084,1377165180,32,0,752,380,1752,28,0,30084,29424,good,6,3,0,0,0,76,18,16,7,34,0,0,1,0,11,0,0,0.0,0.0,0.0,0.0,0.0,0.0,0.0,0.0,0.0,0.0,0.0,0.0,0.0,1.96839015862,0.0,0.0,0.0,0.0,0.0,4.01785831596,0.0,0.0,0.0,0.0,0.0,0.0,0.0,0.0,0.0,0.0,0.0,3.29038156895,0.0,0.0,0.0,0.444855000995,0.0,4.05276921184,0.0,0.0,5.88708081309,0.0,0.0,0.0,0.0,0.0,17920,0.0,0.0,0.0,0.0,0.0,0.0,0.0,0.0,0.0,0.0,0.0,0.0,0.0,11264,0.0,0.0,0.0,0.0,0.0,12288.0,0.0,0.0,0.0,0.0,0.0,0.0,0.0,0.0,0.0,0.0,0.0,11776.0,0.0,0.0,0.0,18432.0,0.0,16384,0.0,0.0,1024,0.0,0.0,0.0,0.0,0.0,0.0,0.0,0.0,0.0,0.0,0.0,0.0,0.0,0.0,0.0,0.0,0.0,0.0,512,0.0,0.0,0.0,0.0,0.0,4096.0,0.0,0.0,0.0,0.0,0.0,0.0,0.0,0.0,0.0,0.0,0.0,512.0,0.0,0.0,0.0,512.0,0.0,2048,0.0,0.0,10240,0.0,0.0,0.0,0.0,0.0,17842,0.0,0.0,0.0,0.0,0.0,0.0,0.0,0.0,0.0,0.0,0.0,0.0,0.0,1720,0.0,0.0,0.0,0.0,0.0,3826.0,4.0,0.0,0.0,0.0,0.0,0.0,0.0,0.0,0.0,0.0,0.0,408.0,0.0,0.0,0.0,132.0,0.0,1752,0.0,0.0,10000,0.0,0.0,0.0,0.0,0.0,10240,40960,9216,512,0,27912,4096,10000,4
0,1377848268,1736,91,540,180,1676,28,91,77996,32900,good,5,0,0,0,1,127,8,16,5,290,0,0,1,1,9,0,0,0.0,0.0,0.0,0.0,0.0,0.0,0.0,0.0,0.0,0.0,0.0,0.0,0.0,2.14286611187,0.0,0.0,0.0,0.0,0.0,0.0,0.0,0.0,0.0,0.0,0.0,0.0,0.0,0.0,0.0,0.0,0.0,0.0,0.0,0.0,5.14378642279,5.30340106997,0.0,4.74817432037,0.0,0.0,6.19395487905,0.0,0.0,0.0,0.0,0.0,36352,0.0,0.0,0.0,0.0,0.0,0.0,0.0,0.0,0.0,0.0,0.0,0.0,0.0,32256,0.0,0.0,0.0,0.0,0.0,0.0,0.0,0.0,0.0,0.0,0.0,0.0,0.0,0.0,0.0,0.0,0.0,0.0,0.0,0.0,22528.0,34816.0,0.0,32768,0.0,0.0,1024,0.0,0.0,0.0,0.0,0.0,0.0,0.0,0.0,0.0,0.0,0.0,0.0,0.0,0.0,0.0,0.0,0.0,0.0,512,0.0,0.0,0.0,0.0,0.0,0.0,0.0,0.0,0.0,0.0,0.0,0.0,0.0,0.0,0.0,0.0,0.0,0.0,0.0,0.0,9728.0,2560.0,0.0,2048,0.0,0.0,21504,0.0,0.0,0.0,0.0,0.0,35798,0.0,0.0,0.0,0.0,0.0,0.0,0.0,0.0,0.0,0.0,0.0,0.0,0.0,1112,0.0,0.0,0.0,0.0,0.0,0.0,0.0,0.0,0.0,0.0,0.0,0.0,0.0,0.0,0.0,0.0,0.0,0.0,0.0,0.0,9675.0,2256.0,0.0,1676,0.0,0.0,21079,0.0,0.0,0.0,0.0,0.0,21504,53248,14848,0,1,46808,4096,21079,9675
121802,1377139595,2732,0,620,440,2256,56,0,121802,53868,good,6,3,0,0,0,134,21,16,5,258,0,0,1,1,11,0,0,0.0,0.0,0.0,0.0,0.0,0.0,0.0,0.0,0.0,0.0,0.0,0.0,0.0,1.75260289174,0.0,0.0,0.0,0.0,0.0,5.0937038503,0.0,0.0,0.0,0.0,0.0,0.0,0.0,0.0,0.0,0.0,0.0,0.0,0.0,0.0,0.0,6.34307278976,0.0,4.1533257222,0.0,0.0,6.33220591113,0.0,0.0,0.0,0.0,0.0,54272,0.0,0.0,0.0,0.0,0.0,0.0,0.0,0.0,0.0,0.0,0.0,0.0,0.0,43008,0.0,0.0,0.0,0.0,0.0,44544.0,0.0,0.0,0.0,0.0,0.0,0.0,0.0,0.0,0.0,0.0,0.0,0.0,0.0,0.0,0.0,52224.0,0.0,49664,0.0,0.0,1024,0.0,0.0,0.0,0.0,0.0,0.0,0.0,0.0,0.0,0.0,0.0,0.0,0.0,0.0,0.0,0.0,0.0,0.0,1536,0.0,0.0,0.0,0.0,0.0,5120.0,0.0,0.0,0.0,0.0,0.0,0.0,0.0,0.0,0.0,0.0,0.0,0.0,0.0,0.0,0.0,3072.0,0.0,2560,0.0,0.0,41984,0.0,0.0,0.0,0.0,0.0,53381,0.0,0.0,0.0,0.0,0.0,0.0,0.0,0.0,0.0,0.0,0.0,0.0,0.0,1500,0.0,0.0,0.0,0.0,0.0,4996.0,0.0,0.0,0.0,0.0,0.0,0.0,0.0,0.0,0.0,0.0,0.0,0.0,0.0,0.0,0.0,2732.0,0.0,2256,0.0,0.0,41897,0.0,0.0,0.0,0.0,0.0,41984,69632,12288,0,1,64544,4096,41897,1500
51442,1383102944,1756,0,536,80,872,28,0,51442,40960,good,5,1,0,0,0,131,3,16,7,258,0,1,0,1,9,0,1,0.0,0.0,0.0,0.0,0.0,0.0,0.0,0.0,0.0,0.0,0.0,0.0,0.0,0.118369631259,0.0,0.0,0.0,0.0,0.0,0.0,0.0,5.01770099543,0.0,0.0,0.0,0.0,0.0,0.0,0.0,5.46732696321,0.0,0.0,0.0,0.0,4.14694594708,5.33000936428,0.0,3.81441025394,0.0,0.0,6.22896285516,0.0,0.0,0.0,0.0,0.0,35328,0.0,0.0,0.0,0.0,0.0,0.0,0.0,0.0,0.0,0.0,0.0,0.0,0.0,27136,0.0,0.0,0.0,0.0,0.0,0.0,0.0,28672.0,0.0,0.0,0.0,0.0,0.0,0.0,0.0,27648.0,0.0,0.0,0.0,0.0,24576.0,33792.0,0.0,32768,0.0,0.0,1024,0.0,0.0,0.0,0.0,0.0,0.0,0.0,0.0,0.0,0.0,0.0,0.0,0.0,0.0,0.0,0.0,0.0,0.0,512,0.0,0.0,0.0,0.0,0.0,0.0,0.0,4096.0,0.0,0.0,0.0,0.0,0.0,0.0,0.0,1024.0,0.0,0.0,0.0,0.0,2560.0,2560.0,0.0,1024,0.0,0.0,23552,0.0,0.0,0.0,0.0,0.0,34803,0.0,0.0,0.0,0.0,0.0,0.0,0.0,0.0,0.0,0.0,0.0,0.0,0.0,1552,0.0,0.0,0.0,0.0,0.0,0.0,0.0,3706.0,0.0,0.0,0.0,0.0,0.0,0.0,0.0,851.0,0.0,0.0,0.0,0.0,2244.0,2488.0,0.0,872,0.0,0.0,23090,0.0,0.0,0.0,0.0,0.0,28672,53248,6656,0,0,45376,4096,23090,2244
0,1374456600,0,0,212,80,59657,0,0,99779,9820,good,0,0,0,0,0,50,3,16,7,271,0,0,1,1,4,0,0,0.0,0.0,0.0,0.0,0.0,0.0,0.0,0.0,0.0,0.0,0.0,0.0,0.0,0.960082298307,0.0,0.0,0.0,0.0,0.0,0.0,0.0,0.0,0.0,0.0,0.0,0.0,0.0,0.0,0.0,0.0,0.0,0.0,0.0,0.0,0.0,0.0,0.0,7.66532077216,0.0,0.0,0.0,0.0,0.0,0.0,0.0,0.0,69632,0.0,0.0,0.0,0.0,0.0,0.0,0.0,0.0,0.0,0.0,0.0,0.0,0.0,9216,0.0,0.0,0.0,0.0,0.0,0.0,0.0,0.0,0.0,0.0,0.0,0.0,0.0,0.0,0.0,0.0,0.0,0.0,0.0,73728.0,13824.0,0.0,0.0,13824,0.0,0.0,13824,0.0,0.0,0.0,0.0,0.0,0.0,0.0,0.0,0.0,0.0,0.0,0.0,0.0,0.0,0.0,0.0,0.0,0.0,4608,0.0,0.0,0.0,0.0,0.0,0.0,0.0,0.0,0.0,0.0,0.0,0.0,0.0,0.0,0.0,0.0,0.0,0.0,0.0,0.0,0.0,0.0,0.0,59904,0.0,0.0,0,0.0,0.0,0.0,0.0,0.0,143360,0.0,0.0,0.0,0.0,0.0,0.0,0.0,0.0,0.0,0.0,0.0,0.0,0.0,61440,0.0,0.0,0.0,0.0,0.0,0.0,0.0,0.0,0.0,0.0,0.0,0.0,0.0,0.0,0.0,0.0,0.0,0.0,0.0,4096.0,4096.0,0.0,0.0,61440,0.0,0.0,4096,0.0,0.0,0.0,0.0,0.0,4216,147456,8564,0,0,73728,4096,4096,4096
39320,1381729808,364,0,196,100,4800,28,0,39320,12484,good,6,3,0,0,0,45,4,16,5,258,0,0,1,1,11,0,0,0.0,0.0,0.0,0.0,0.0,0.0,0.0,0.0,0.0,0.0,0.0,0.0,0.0,0.183338791656,0.0,0.0,0.0,0.0,0.0,4.56965092685,0.0,0.0,0.0,0.0,0.0,0.0,0.0,0.0,0.0,0.0,0.0,0.0,0.0,0.0,0.0,2.19839355835,0.0,3.98851053613,0.0,0.0,5.7749342719,0.0,0.0,0.0,0.0,0.0,12288,0.0,0.0,0.0,0.0,0.0,0.0,0.0,0.0,0.0,0.0,0.0,0.0,0.0,4608,0.0,0.0,0.0,0.0,0.0,5120.0,0.0,0.0,0.0,0.0,0.0,0.0,0.0,0.0,0.0,0.0,0.0,0.0,0.0,0.0,0.0,11776.0,0.0,6656,0.0,0.0,1024,0.0,0.0,0.0,0.0,0.0,0.0,0.0,0.0,0.0,0.0,0.0,0.0,0.0,0.0,0.0,0.0,0.0,0.0,512,0.0,0.0,0.0,0.0,0.0,1536.0,0.0,0.0,0.0,0.0,0.0,0.0,0.0,0.0,0.0,0.0,0.0,0.0,0.0,0.0,0.0,1536.0,0.0,5120,0.0,0.0,3584,0.0,0.0,0.0,0.0,0.0,12034,0.0,0.0,0.0,0.0,0.0,0.0,0.0,0.0,0.0,0.0,0.0,0.0,0.0,1052,0.0,0.0,0.0,0.0,0.0,1314.0,0.0,0.0,0.0,0.0,0.0,0.0,0.0,0.0,0.0,0.0,0.0,0.0,0.0,0.0,0.0,1472.0,0.0,4800,0.0,0.0,3396,0.0,0.0,0.0,0.0,0.0,3584,28672,9728,0,1,13312,4096,3396,1052
106755,1385052951,1864,0,628,200,4020,28,0,106755,49572,good,0,0,0,0,0,148,9,16,5,258,0,0,1,1,9,0,0,0.0,0.0,0.0,0.0,0.0,0.0,0.0,0.0,0.0,0.0,0.0,0.0,0.0,2.52060789631,0.0,0.0,0.0,0.0,0.0,0.0,0.0,0.0,0.0,0.0,0.0,0.0,0.0,0.0,0.0,0.0,0.0,0.0,0.0,0.0,4.37322651292,5.50856462768,0.0,4.82153854311,0.0,0.0,6.00661629771,0.0,0.0,0.0,0.0,0.0,56832,0.0,0.0,0.0,0.0,0.0,0.0,0.0,0.0,0.0,0.0,0.0,0.0,0.0,50176,0.0,0.0,0.0,0.0,0.0,0.0,0.0,0.0,0.0,0.0,0.0,0.0,0.0,0.0,0.0,0.0,0.0,0.0,0.0,0.0,37888.0,55296.0,0.0,51200,0.0,0.0,1024,0.0,0.0,0.0,0.0,0.0,0.0,0.0,0.0,0.0,0.0,0.0,0.0,0.0,0.0,0.0,0.0,0.0,0.0,1024,0.0,0.0,0.0,0.0,0.0,0.0,0.0,0.0,0.0,0.0,0.0,0.0,0.0,0.0,0.0,0.0,0.0,0.0,0.0,0.0,12288.0,2560.0,0.0,4096,0.0,0.0,36864,0.0,0.0,0.0,0.0,0.0,58213,0.0,0.0,0.0,0.0,0.0,0.0,0.0,0.0,0.0,0.0,0.0,0.0,0.0,3072,0.0,0.0,0.0,0.0,0.0,0.0,0.0,0.0,0.0,0.0,0.0,0.0,0.0,0.0,0.0,0.0,0.0,0.0,0.0,0.0,12100.0,2234.0,0.0,4020,0.0,0.0,36787,0.0,0.0,0.0,0.0,0.0,36864,65536,19968,0,1,65432,4096,36787,12100
89616,1377142823,1116,0,484,180,26472,56,0,89616,25060,good,6,3,0,0,0,113,8,16,6,258,0,0,1,1,11,0,0,0.0,0.0,0.0,0.0,0.0,0.0,0.0,0.0,0.0,0.0,0.0,0.0,0.0,0.411380668734,0.0,0.0,0.0,0.0,0.0,4.90062741464,0.0,0.0,0.0,0.0,0.0,0.0,0.0611628522412,0.0,0.0,0.0,0.0,0.0,0.0,0.0,0.0,5.4502503785,0.0,5.70305276793,0.0,0.0,6.25173974471,0.0,0.0,0.0,0.0,0.0,48640,0.0,0.0,0.0,0.0,0.0,0.0,0.0,0.0,0.0,0.0,0.0,0.0,0.0,15872,0.0,0.0,0.0,0.0,0.0,17408.0,0.0,0.0,0.0,0.0,0.0,0.0,20992.0,0.0,0.0,0.0,0.0,0.0,0.0,0.0,0.0,48128.0,0.0,21504,0.0,0.0,1024,0.0,0.0,0.0,0.0,0.0,0.0,0.0,0.0,0.0,0.0,0.0,0.0,0.0,0.0,0.0,0.0,0.0,0.0,1536,0.0,0.0,0.0,0.0,0.0,3584.0,0.0,0.0,0.0,0.0,0.0,0.0,512.0,0.0,0.0,0.0,0.0,0.0,0.0,0.0,0.0,1536.0,0.0,26624,0.0,0.0,14848,0.0,0.0,0.0,0.0,0.0,46655,0.0,0.0,0.0,0.0,0.0,0.0,0.0,0.0,0.0,0.0,0.0,0.0,0.0,1080,0.0,0.0,0.0,0.0,0.0,3302.0,0.0,0.0,0.0,0.0,0.0,0.0,16.0,0.0,0.0,0.0,0.0,0.0,0.0,0.0,0.0,1116.0,0.0,26472,0.0,0.0,14669,0.0,0.0,0.0,0.0,0.0,14848,65536,33792,0,0,49664,4096,14669,1080
64053,1383102951,76,0,552,60,852,28,0,64053,32768,good,5,1,0,0,0,67,2,16,7,34,0,1,0,0,9,0,1,0.0,0.0,0.0,0.0,0.0,0.0,0.0,0.0,0.0,0.0,0.0,0.0,0.0,0.747603086491,0.0,0.0,0.0,0.0,0.0,0.0,0.0,4.37115469671,0.0,0.0,0.0,0.0,0.0,0.0,0.0,0.0,0.0,3.42270705083,0.0,0.0,4.10053960671,0.997798314515,0.0,3.85203494451,0.0,0.0,6.12929474711,0.0,0.0,0.0,0.0,0.0,25088,0.0,0.0,0.0,0.0,0.0,0.0,0.0,0.0,0.0,0.0,0.0,0.0,0.0,19968,0.0,0.0,0.0,0.0,0.0,0.0,0.0,22016.0,0.0,0.0,0.0,0.0,0.0,0.0,0.0,0.0,0.0,20480.0,0.0,0.0,16384.0,25600.0,0.0,24576,0.0,0.0,1024,0.0,0.0,0.0,0.0,0.0,0.0,0.0,0.0,0.0,0.0,0.0,0.0,0.0,0.0,0.0,0.0,0.0,0.0,512,0.0,0.0,0.0,0.0,0.0,0.0,0.0,2560.0,0.0,0.0,0.0,0.0,0.0,0.0,0.0,0.0,0.0,1536.0,0.0,0.0,3584.0,512.0,0.0,1024,0.0,0.0,15360,0.0,0.0,0.0,0.0,0.0,23685,0.0,0.0,0.0,0.0,0.0,0.0,0.0,0.0,0.0,0.0,0.0,0.0,0.0,705,0.0,0.0,0.0,0.0,0.0,0.0,0.0,2212.0,0.0,0.0,0.0,0.0,0.0,0.0,0.0,0.0,0.0,1140.0,0.0,0.0,3364.0,148.0,0.0,852,0.0,0.0,15264,0.0,0.0,0.0,0.0,0.0,17920,45056,7168,0,0,35136,4096,15264,3364
98884,1379403062,3200,0,348,80,436,28,0,98884,75108,good,0,0,0,0,0,84,3,16,5,258,0,0,1,1,10,0,0,0.0,0.0,0.0,0.0,0.0,0.0,0.0,0.0,0.0,0.0,0.0,0.0,0.0,2.3680508471,0.0,0.0,0.0,0.0,0.0,0.0,0.0,0.0,0.0,0.0,0.0,0.0,0.0,0.0,0.0,0.0,0.0,0.0,0.0,0.0,5.03671664749,4.29395778969,0.0,5.10500609928,0.0,0.0,6.47350638984,0.0,0.0,0.0,0.0,0.0,83456,0.0,0.0,0.0,0.0,0.0,0.0,0.0,0.0,0.0,0.0,0.0,0.0,0.0,73728,0.0,0.0,0.0,0.0,0.0,0.0,0.0,0.0,0.0,0.0,0.0,0.0,0.0,0.0,0.0,0.0,0.0,0.0,0.0,0.0,57856.0,78336.0,0.0,77824,0.0,0.0,1024,0.0,0.0,0.0,0.0,0.0,0.0,0.0,0.0,0.0,0.0,0.0,0.0,0.0,0.0,0.0,0.0,0.0,0.0,4096,0.0,0.0,0.0,0.0,0.0,0.0,0.0,0.0,0.0,0.0,0.0,0.0,0.0,0.0,0.0,0.0,0.0,0.0,0.0,0.0,15872.0,6144.0,0.0,512,0.0,0.0,56832,0.0,0.0,0.0,0.0,0.0,90120,0.0,0.0,0.0,0.0,0.0,0.0,0.0,0.0,0.0,0.0,0.0,0.0,0.0,11460,0.0,0.0,0.0,0.0,0.0,0.0,0.0,0.0,0.0,0.0,0.0,0.0,0.0,0.0,0.0,0.0,0.0,0.0,0.0,0.0,15752.0,6046.0,0.0,436,0.0,0.0,56426,0.0,0.0,0.0,0.0,0.0,56832,102400,26624,0,1,88256,4096,56426,15752
78502,1387233113,1564,91,432,180,1696,56,91,78502,37120,good,0,0,0,0,1,100,8,16,5,290,0,0,1,1,11,0,0,0.0,0.0,0.0,0.0,0.0,0.0,0.0,0.0,0.0,0.0,0.0,0.0,0.0,2.61139700801,0.0,0.0,0.0,0.0,0.0,0.0,0.0,0.0,0.0,0.0,0.0,0.0,0.0,0.0,0.0,0.0,0.0,0.0,0.0,0.0,4.64133971557,4.20247817892,0.0,3.85966335295,0.0,0.0,6.31486910405,0.0,0.0,0.0,0.0,0.0,39424,0.0,0.0,0.0,0.0,0.0,0.0,0.0,0.0,0.0,0.0,0.0,0.0,0.0,34816,0.0,0.0,0.0,0.0,0.0,0.0,0.0,0.0,0.0,0.0,0.0,0.0,0.0,0.0,0.0,0.0,0.0,0.0,0.0,0.0,27648.0,37376.0,0.0,35328,0.0,0.0,1024,0.0,0.0,0.0,0.0,0.0,0.0,0.0,0.0,0.0,0.0,0.0,0.0,0.0,0.0,0.0,0.0,0.0,0.0,512,0.0,0.0,0.0,0.0,0.0,0.0,0.0,0.0,0.0,0.0,0.0,0.0,0.0,0.0,0.0,0.0,0.0,0.0,0.0,0.0,7168.0,3072.0,0.0,2048,0.0,0.0,26624,0.0,0.0,0.0,0.0,0.0,38710,0.0,0.0,0.0,0.0,0.0,0.0,0.0,0.0,0.0,0.0,0.0,0.0,0.0,1152,0.0,0.0,0.0,0.0,0.0,0.0,0.0,0.0,0.0,0.0,0.0,0.0,0.0,0.0,0.0,0.0,0.0,0.0,0.0,0.0,6907.0,2704.0,0.0,1696,0.0,0.0,26251,0.0,0.0,0.0,0.0,0.0,26624,53248,13824,0,1,50344,4096,26251,6907
38649,1382410334,12,0,8,79,1488,28,0,38649,19308,good,0,0,0,0,0,1,1,16,3,258,0,0,1,1,11,0,0,0.0,0.0,0.0,0.0,0.0,0.0,0.0,0.0,0.0,0.0,0.0,0.0,0.0,0.0,0.0,0.0,0.0,0.0,0.0,0.0,0.0,0.0,0.0,0.0,0.0,0.0,0.0,0.0,0.0,0.0,0.0,0.0,0.0,0.0,0.0,0.0815394123432,0.0,4.16674770617,0.0,0.0,5.24722992138,0.0,0.0,0.0,0.0,0.0,13312,0.0,0.0,0.0,0.0,0.0,0.0,0.0,0.0,0.0,0.0,0.0,0.0,0.0,0,0.0,0.0,0.0,0.0,0.0,0.0,0.0,0.0,0.0,0.0,0.0,0.0,0.0,0.0,0.0,0.0,0.0,0.0,0.0,0.0,0.0,13312.0,0.0,11776,0.0,0.0,512,0.0,0.0,0.0,0.0,0.0,0.0,0.0,0.0,0.0,0.0,0.0,0.0,0.0,0.0,0.0,0.0,0.0,0.0,0,0.0,0.0,0.0,0.0,0.0,0.0,0.0,0.0,0.0,0.0,0.0,0.0,0.0,0.0,0.0,0.0,0.0,0.0,0.0,0.0,0.0,512.0,0.0,1536,0.0,0.0,11264,0.0,0.0,0.0,0.0,0.0,12704,0.0,0.0,0.0,0.0,0.0,0.0,0.0,0.0,0.0,0.0,0.0,0.0,0.0,0,0.0,0.0,0.0,0.0,0.0,0.0,0.0,0.0,0.0,0.0,0.0,0.0,0.0,0.0,0.0,0.0,0.0,0.0,0.0,0.0,0.0,12.0,0.0,1488,0.0,0.0,11204,0.0,0.0,0.0,0.0,0.0,11264,40960,2048,0,1,21720,8192,11204,1488
43954,1384313226,360,0,208,100,2596,28,0,58106,8804,good,0,0,0,0,0,48,4,16,5,290,0,0,1,1,10,0,0,0.0,0.0,0.0,0.0,0.0,0.0,0.0,0.0,0.0,0.0,0.0,0.0,0.0,0.352759488216,0.0,0.0,0.0,0.0,0.0,0.0,0.0,0.0,0.0,0.0,0.0,0.0,0.0,0.0,0.0,0.0,0.0,0.0,0.0,0.0,4.69953127052,4.99546796842,0.0,5.2235421923,0.0,0.0,6.08791158097,0.0,0.0,0.0,0.0,0.0,9216,0.0,0.0,0.0,0.0,0.0,0.0,0.0,0.0,0.0,0.0,0.0,0.0,0.0,6144,0.0,0.0,0.0,0.0,0.0,0.0,0.0,0.0,0.0,0.0,0.0,0.0,0.0,0.0,0.0,0.0,0.0,0.0,0.0,0.0,4096.0,9728.0,0.0,6656,0.0,0.0,1024,0.0,0.0,0.0,0.0,0.0,0.0,0.0,0.0,0.0,0.0,0.0,0.0,0.0,0.0,0.0,0.0,0.0,0.0,512,0.0,0.0,0.0,0.0,0.0,0.0,0.0,0.0,0.0,0.0,0.0,0.0,0.0,0.0,0.0,0.0,0.0,0.0,0.0,0.0,2048.0,512.0,0.0,3072,0.0,0.0,3072,0.0,0.0,0.0,0.0,0.0,8696,0.0,0.0,0.0,0.0,0.0,0.0,0.0,0.0,0.0,0.0,0.0,0.0,0.0,908,0.0,0.0,0.0,0.0,0.0,0.0,0.0,0.0,0.0,0.0,0.0,0.0,0.0,0.0,0.0,0.0,0.0,0.0,0.0,0.0,1844.0,474.0,0.0,2596,0.0,0.0,2874,0.0,0.0,0.0,0.0,0.0,3072,24576,6144,0,1,18544,4096,2874,1844
91188,1385101465,2196,0,272,120,436,28,0,91188,43092,good,0,0,0,0,0,63,5,16,5,258,0,0,1,1,10,0,0,0.0,0.0,0.0,0.0,0.0,0.0,0.0,0.0,0.0,0.0,0.0,0.0,0.0,2.5594157968,0.0,0.0,0.0,0.0,0.0,0.0,0.0,0.0,0.0,0.0,0.0,0.0,0.0,0.0,0.0,0.0,0.0,0.0,0.0,0.0,4.80396086116,3.6600949598,0.0,5.09797908882,0.0,0.0,6.5235681364,0.0,0.0,0.0,0.0,0.0,48128,0.0,0.0,0.0,0.0,0.0,0.0,0.0,0.0,0.0,0.0,0.0,0.0,0.0,39936,0.0,0.0,0.0,0.0,0.0,0.0,0.0,0.0,0.0,0.0,0.0,0.0,0.0,0.0,0.0,0.0,0.0,0.0,0.0,0.0,27648.0,44032.0,0.0,43520,0.0,0.0,1024,0.0,0.0,0.0,0.0,0.0,0.0,0.0,0.0,0.0,0.0,0.0,0.0,0.0,0.0,0.0,0.0,0.0,0.0,3584,0.0,0.0,0.0,0.0,0.0,0.0,0.0,0.0,0.0,0.0,0.0,0.0,0.0,0.0,0.0,0.0,0.0,0.0,0.0,0.0,12288.0,5120.0,0.0,512,0.0,0.0,26624,0.0,0.0,0.0,0.0,0.0,50298,0.0,0.0,0.0,0.0,0.0,0.0,0.0,0.0,0.0,0.0,0.0,0.0,0.0,6692,0.0,0.0,0.0,0.0,0.0,0.0,0.0,0.0,0.0,0.0,0.0,0.0,0.0,0.0,0.0,0.0,0.0,0.0,0.0,0.0,11952.0,4648.0,0.0,436,0.0,0.0,26570,0.0,0.0,0.0,0.0,0.0,26624,65536,21504,0,1,55592,4096,26570,11952
111629,1345759612,1100,0,300,60,800,28,0,111629,34384,good,6,1,0,0,0,73,2,16,6,258,0,1,0,1,9,0,1,0.0,0.0,0.0,0.0,0.0,0.0,0.0,0.0,0.0,0.0,0.0,0.0,0.0,4.90109067428,0.0,0.0,0.0,0.0,0.0,0.0,0.0,5.47560250963,0.0,0.0,0.0,0.0,0.0,0.0,0.0,0.0,0.0,0.0,0.0,0.0,3.76233703119,5.01689364716,0.0,2.98154559485,0.0,0.0,6.45044154289,0.0,0.0,0.0,0.0,0.0,37504,0.0,0.0,0.0,0.0,0.0,0.0,0.0,0.0,0.0,0.0,0.0,0.0,0.0,25344,0.0,0.0,0.0,0.0,0.0,0.0,0.0,34304.0,0.0,0.0,0.0,0.0,0.0,0.0,0.0,0.0,0.0,0.0,0.0,0.0,23552.0,36992.0,0.0,36096,0.0,0.0,1152,0.0,0.0,0.0,0.0,0.0,0.0,0.0,0.0,0.0,0.0,0.0,0.0,0.0,0.0,0.0,0.0,0.0,0.0,8960,0.0,0.0,0.0,0.0,0.0,0.0,0.0,1792.0,0.0,0.0,0.0,0.0,0.0,0.0,0.0,0.0,0.0,0.0,0.0,0.0,1792.0,1664.0,0.0,896,0.0,0.0,22400,0.0,0.0,0.0,0.0,0.0,36944,0.0,0.0,0.0,0.0,0.0,0.0,0.0,0.0,0.0,0.0,0.0,0.0,0.0,8836,0.0,0.0,0.0,0.0,0.0,0.0,0.0,1782.0,0.0,0.0,0.0,0.0,0.0,0.0,0.0,0.0,0.0,0.0,0.0,0.0,1700.0,1544.0,0.0,800,0.0,0.0,22282,0.0,0.0,0.0,0.0,0.0,24192,38656,13312,0,0,46392,1152,22282,1700
45289,946684800,0,0,228,1624,24460,0,0,45289,24576,good,1,0,0,0,0,54,3,16,8,783,0,0,1,1,2,22,0,0.0,0.0,0.0,0.0,0.0,0.0,0.0,0.0,0.0,0.0,0.0,0.0,0.261827388354,0.410285969004,0.0,0.0,0.0,0.0,0.0,3.99132380625,0.0,0.0,0.0,0.0,0.0,0.0,0.0,0.0,0.0,0.0,0.0,0.0,0.0,0.0,4.47557543297,0.0,0.0,3.0409079473,0.0,0.0,5.87720313103,0.22482003451,0.0,0.0,0.0,0.0,35840,0.0,0.0,0.0,0.0,0.0,0.0,0.0,0.0,0.0,0.0,0.0,0.0,11264.0,7680,0.0,0.0,0.0,0.0,0.0,9216.0,0.0,0.0,0.0,0.0,0.0,0.0,0.0,0.0,0.0,0.0,0.0,0.0,0.0,0.0,8192.0,0.0,0.0,12288,0.0,0.0,1024,11776.0,0.0,0.0,0.0,0.0,0.0,0.0,0.0,0.0,0.0,0.0,0.0,0.0,0.0,0.0,0.0,0.0,512.0,512,0.0,0.0,0.0,0.0,0.0,2048.0,0.0,0.0,0.0,0.0,0.0,0.0,0.0,0.0,0.0,0.0,0.0,0.0,0.0,0.0,1024.0,0.0,0.0,24576,0.0,0.0,6656,512.0,0.0,0.0,0.0,0.0,34584,0.0,0.0,0.0,0.0,0.0,0.0,0.0,0.0,0.0,0.0,1052.0,0.0,52.0,36,0.0,0.0,0.0,0.0,0.0,1624.0,0.0,0.0,0.0,0.0,0.0,0.0,0.0,0.0,0.0,0.0,0.0,0.0,0.0,0.0,780.0,0.0,0.0,24460,0.0,0.0,6548,32.0,0.0,0.0,0.0,0.0,6656,61440,35840,1536,1,36864,4096,6548,36
48081,1377139644,308,0,180,240,1000,56,0,48081,12468,good,6,3,0,0,0,34,11,16,5,258,0,0,1,1,11,0,0,0.0,0.0,0.0,0.0,0.0,0.0,0.0,0.0,0.0,0.0,0.0,0.0,0.0,0.183338791656,0.0,0.0,0.0,0.0,0.0,3.91236454524,0.0,0.0,0.0,0.0,0.0,0.0,0.0,0.0,0.0,0.0,0.0,0.0,0.0,0.0,0.0,1.88265766937,0.0,3.34431814234,0.0,0.0,5.83031605634,0.0,0.0,0.0,0.0,0.0,8192,0.0,0.0,0.0,0.0,0.0,0.0,0.0,0.0,0.0,0.0,0.0,0.0,0.0,4096,0.0,0.0,0.0,0.0,0.0,4608.0,0.0,0.0,0.0,0.0,0.0,0.0,0.0,0.0,0.0,0.0,0.0,0.0,0.0,0.0,0.0,7680.0,0.0,6656,0.0,0.0,1024,0.0,0.0,0.0,0.0,0.0,0.0,0.0,0.0,0.0,0.0,0.0,0.0,0.0,0.0,0.0,0.0,0.0,0.0,512,0.0,0.0,0.0,0.0,0.0,2048.0,0.0,0.0,0.0,0.0,0.0,0.0,0.0,0.0,0.0,0.0,0.0,0.0,0.0,0.0,0.0,1536.0,0.0,1024,0.0,0.0,3072,0.0,0.0,0.0,0.0,0.0,7676,0.0,0.0,0.0,0.0,0.0,0.0,0.0,0.0,0.0,0.0,0.0,0.0,0.0,880,0.0,0.0,0.0,0.0,0.0,1572.0,0.0,0.0,0.0,0.0,0.0,0.0,0.0,0.0,0.0,0.0,0.0,0.0,0.0,0.0,0.0,1180.0,0.0,1000,0.0,0.0,3044,0.0,0.0,0.0,0.0,0.0,3072,24576,5632,0,1,17760,4096,3044,880
